base_verb,prefixed_verb,prefix,freq_base,freq_prefixed,,prefix,base_verb
gledati,izgledati,iz,3465276,27424,,iz,gledati
činiti,učiniti,u,3465276,2940,,u,činiti
pitati,upitati,u,3465276,2097,,od,pitati
govoriti,odgovoriti,od,3465276,818,,na,govoriti
laziti,nalaziti,na,3465276,679,,do,laziti
laziti,dolaziti,do,3465276,429,,za,staviti
staviti,nastaviti,na,3465276,138,,pro,gubiti
gubiti,izgubiti,iz,3465276,132,,sa,biti
biti,dobiti,do,3465276,114,,pre,boraviti
laziti,odlaziti,od,3465276,71,,pri,vršiti
boraviti,zaboraviti,za,3465276,46,,uz,stati
laziti,prolaziti,pro,216375,223,,ob,dati
vršiti,završiti,za,216375,33,,pod,naći
stati,ustati,u,214541,684,,raz,praviti
dati,dodati,do,214541,527,,su,goditi
naći,pronaći,pro,214541,48,,nad,lučiti
praviti,napraviti,na,214541,28,,,ustaviti
goditi,dogoditi,do,214541,11,,,znati
lučiti,odlučiti,od,214541,6,,,raditi
ustaviti,zaustaviti,za,202919,10367,,,tvoriti
gledati,ugledati,u,202919,131,,,misliti
znati,saznati,sa,202919,30,,,pisati
laziti,izlaziti,iz,202919,11,,,vući
raditi,uraditi,u,175041,64,,,čitati
biti,ubiti,u,150037,8248,,,vesti
tvoriti,zatvoriti,za,150037,1328,,,ići
misliti,zamisliti,za,150037,895,,,buditi
stati,prestati,pre,150037,1234,,,vratiti
pisati,napisati,na,150037,201,,,kinuti
vući,izvući,iz,150037,276,,,pustiti
čitati,pročitati,pro,150037,101,,,držati
vesti,provesti,pro,150037,47,,,učiti
ići,izići,iz,150037,9,,,miti
buditi,probuditi,pro,150037,7,,,padati
vratiti,odvratiti,od,138015,9247,,,putiti
kinuti,prekinuti,pre,138015,2510,,,veriti
pustiti,napustiti,na,138015,1112,,,stavljati
držati,zadržati,za,138015,1297,,,viknuti
znati,priznati,pri,138015,1032,,,imati
laziti,ulaziti,u,138015,310,,,teći
učiti,naučiti,na,138015,525,,,smejati
miti,primiti,pri,138015,106,,,rediti
vesti,dovesti,do,138015,57,,,čekati
padati,pripadati,pri,138015,63,,,čuti
putiti,uputiti,u,138015,17,,,gađati
vesti,odvesti,od,138015,8,,,stojati
veriti,uveriti,u,114551,4693,,,nositi
stati,zastati,za,114551,1599,,,plašiti
stavljati,nastavljati,na,114551,2377,,,bediti
viknuti,uzviknuti,uz,114551,475,,,bližiti
imati,uzimati,uz,114551,24,,,uzeti
tvoriti,pretvoriti,pre,114551,13,,,miriti
teći,zateći,za,101818,6156,,,voditi
smejati,nasmejati,na,101818,3283,,,vaditi
rediti,odrediti,od,101818,559,,,moliti
dati,predati,pre,89644,6981,,,sećati
laziti,prelaziti,pre,89644,665,,,početi
čekati,sačekati,sa,89644,1789,,,čuvati
čuti,začuti,za,89644,434,,,mati
ići,naići,na,89644,122,,,kazati
gađati,događati,do,89644,70,,,mrmljati
stojati,nastojati,na,89644,215,,,zvati
nositi,donositi,do,89644,125,,,ljubiti
gledati,zagledati,za,87467,469,,,dužiti
plašiti,uplašiti,u,87467,247,,,grliti
govoriti,izgovoriti,iz,87467,32,,,gasiti
rediti,narediti,na,87467,39,,,stajati
bediti,ubediti,u,87467,20,,,tražiti
viknuti,naviknuti,na,87467,7,,,ustavljati
stati,nastati,na,87467,5,,,variti
bližiti,približiti,pri,84782,3248,,,likovati
pitati,zapitati,za,84782,1183,,,terati
uzeti,obuzeti,ob,84782,665,,,javiti
čekati,dočekati,do,84782,163,,,ništiti
miriti,umiriti,u,84782,57,,,titi
voditi,provoditi,pro,84782,24,,,čuditi
vaditi,izvaditi,iz,84782,15,,,tvrditi
moliti,zamoliti,za,66323,2075,,,paliti
nositi,odnositi,od,66323,2811,,,davati
biti,odbiti,od,66323,6683,,,dahnuti
pustiti,dopustiti,do,66323,2612,,,suditi
sećati,podsećati,pod,66323,574,,,ložiti
vesti,izvesti,iz,66323,274,,,smešiti
početi,započeti,za,66323,1098,,,opštiti
čuvati,sačuvati,sa,66323,109,,,puštati
mati,primati,pri,66323,110,,,ući
kazati,ukazati,u,66323,33,,,mešati
činiti,načiniti,na,66323,11,,,družiti
mrmljati,promrmljati,pro,65437,1133,,,baciti
zvati,nazvati,na,65437,147,,,visiti
uzeti,zauzeti,za,65437,76,,,gutati
dati,udati,u,65437,19,,,dirnuti
ljubiti,zaljubiti,za,65437,12,,,kidati
govoriti,progovoriti,pro,65437,11,,,puniti
dužiti,produžiti,pro,63176,10921,,,ustati
grliti,zagrliti,za,63176,3494,,,tisnuti
gasiti,ugasiti,u,63176,1653,,,mahnuti
držati,izdržati,iz,63176,2351,,,vladati
stajati,ustajati,u,63176,1966,,,kazivati
tražiti,zatražiti,za,63176,345,,,živeti
vršiti,izvršiti,iz,63176,597,,,štititi
ustavljati,zaustavljati,za,63176,85,,,vrediti
laziti,prilaziti,pri,63176,11,,,slutiti
pustiti,prepustiti,pre,61577,5385,,,hvatati
variti,prevariti,pre,61577,8518,,,pasti
vesti,navesti,na,61577,1722,,,igrati
likovati,razlikovati,raz,61577,2575,,,poznavati
terati,naterati,na,61577,5007,,,tonuti
javiti,objaviti,ob,61577,1097,,,taknuti
ništiti,uništiti,u,61577,189,,,paziti
učiti,obučiti,ob,61577,407,,,krasti
titi,pretiti,pre,61577,690,,,reći
stati,pristati,pri,61577,81,,,viti
čuditi,začuditi,za,61577,95,,,vijati
tvrditi,utvrditi,u,61577,61,,,hraniti
paliti,zapaliti,za,61577,29,,,setiti
paliti,upaliti,u,60880,3518,,,dizati
stajati,prestajati,pre,60880,1740,,,vajati
davati,dodavati,do,60880,2244,,,kočiti
dati,prodati,pro,60880,222,,,kloniti
dahnuti,uzdahnuti,uz,60880,2009,,,braniti
padati,dopadati,do,60880,18,,,risati
vratiti,uzvratiti,uz,55491,12906,,,hvaliti
suditi,usuditi,u,55491,968,,,siliti
vući,privući,pri,55491,473,,,ostati
biti,izbiti,iz,55491,160,,,uzimati
ložiti,izložiti,iz,55491,133,,,maknuti
smešiti,nasmešiti,na,51798,1489,,,očarati
opštiti,saopštiti,sa,51798,1066,,,dirati
veriti,proveriti,pro,51798,522,,,baviti
misliti,razmisliti,raz,51798,384,,,plakati
puštati,napuštati,na,51798,1856,,,slušati
misliti,izmisliti,iz,51798,454,,,nuditi
davati,prodavati,pro,51798,32,,,seći
nositi,podnositi,pod,51798,10,,,morati
ući,obući,ob,45821,261,,,gurnuti
voditi,dovoditi,do,40226,360,,,moriti
vući,uvući,u,40226,166,,,mrštiti
vesti,uvesti,u,40226,346,,,kupiti
mešati,umešati,u,40078,844,,,pamtiti
puštati,dopuštati,do,40078,45,,,seliti
davati,predavati,pre,39853,440,,,disati
biti,razbiti,raz,32053,3284,,,ćutati
družiti,pridružiti,pri,32053,1058,,,hapsiti
baciti,prebaciti,pre,32053,425,,,krstiti
javiti,izjaviti,iz,32053,6948,,,lagati
znati,doznati,do,32053,112,,,glasiti
visiti,zavisiti,za,29483,3575,,,micati
kazati,dokazati,do,29483,1558,,,ključati
baciti,izbaciti,iz,29483,415,,,viđati
gutati,progutati,pro,29483,201,,,šaputati
staviti,sastaviti,sa,29483,285,,,ticati
dirnuti,dodirnuti,do,29483,248,,,nalaziti
baciti,odbaciti,od,29483,35,,,širiti
kidati,prekidati,pre,27907,7,,,sticati
puniti,napuniti,na,27878,1788,,,tumačiti
ustati,odustati,od,27878,799,,,meriti
tisnuti,pritisnuti,pri,27878,120,,,radovati
mahnuti,odmahnuti,od,27424,273,,,brisati
pustiti,propustiti,pro,27424,122,,,graditi
vladati,savladati,sa,27134,331,,,šetati
kazivati,ukazivati,u,27134,20,,,ljutiti
voditi,navoditi,na,26960,2790,,,videti
dati,izdati,iz,26960,2985,,,zvoniti
živeti,doživeti,do,26960,1263,,,trčati
štititi,zaštititi,za,26960,1345,,,juriti
vrediti,uvrediti,u,26960,485,,,služiti
uzeti,preuzeti,pre,26960,162,,,slediti
slutiti,naslutiti,na,26960,202,,,spraviti
hvatati,prihvatati,pri,26960,78,,,voleti
pasti,napasti,na,26960,14,,,sretati
nositi,prenositi,pre,26610,60,,,ostajati
igrati,odigrati,od,26610,24,,,tiskati
putiti,zaputiti,za,26042,972,,,drhtati
poznavati,prepoznavati,pre,26042,1470,,,beležiti
tonuti,utonuti,u,26042,4186,,,stupiti
vesti,prevesti,pre,26042,788,,,nuti
taknuti,dotaknuti,do,26042,221,,,uhvatiti
pasti,upasti,u,26042,227,,,tešiti
paziti,zapaziti,za,25883,5030,,,oružati
krasti,ukrasti,u,25883,3401,,,goniti
uzeti,oduzeti,od,25883,1559,,,blažiti
gledati,pregledati,pre,25883,5285,,,izvoditi
govoriti,dogovoriti,do,25883,1073,,,mucati
reći,odreći,od,25883,2470,,,robiti
viti,razviti,raz,25398,1493,,,desiti
ići,obići,ob,25398,167,,,umiti
vijati,odvijati,od,25398,133,,,saditi
hraniti,sahraniti,sa,25398,162,,,počinjati
setiti,podsetiti,pod,25398,890,,,gušiti
dizati,uzdizati,uz,25398,21,,,slaviti
vajati,odvajati,od,24786,1829,,,metati
kočiti,ukočiti,u,24786,1390,,,turati
stojati,sastojati,sa,24786,316,,,razumevati
stajati,pristajati,pri,24786,63,,,roniti
vući,navući,na,24786,39,,,sporiti
kloniti,ukloniti,u,24786,16,,,vraćati
braniti,zabraniti,za,24786,162,,,valiti
vući,zavući,za,23994,1609,,,žmuriti
risati,obrisati,ob,23994,216,,,bledeti
puštati,prepuštati,pre,23994,48,,,motati
rediti,urediti,u,23994,51,,,slikati
nositi,iznositi,iz,23994,39,,,rezati
buditi,uzbuditi,uz,23994,7,,,grejati
hvaliti,zahvaliti,za,23994,7,,,ceniti
nositi,unositi,u,21097,4059,,,okupiti
siliti,prisiliti,pri,20757,1075,,,krasiti
ostati,preostati,pre,20757,775,,,viriti
baciti,ubaciti,u,20757,1026,,,skočiti
ložiti,odložiti,od,20757,734,,,riti
kazati,prikazati,pri,20757,313,,,upreti
uzimati,obuzimati,ob,20757,152,,,piti
maknuti,odmaknuti,od,20757,46,,,plaviti
viknuti,doviknuti,do,20757,19,,,domisliti
voditi,izvoditi,iz,20326,938,,,klanjati
držati,uzdržati,uz,20326,977,,,žeti
pisati,upisati,u,20326,312,,,deliti
očarati,razočarati,raz,20326,583,,,uzdati
dirati,prodirati,pro,20326,149,,,kovati
baviti,nabaviti,na,20063,12125,,,interesovati
javiti,prijaviti,pri,20063,1256,,,poručiti
stajati,zastajati,za,20063,8,,,moći
reći,izreći,iz,19923,3113,,,boleti
davati,izdavati,iz,19923,324,,,brzati
plakati,zaplakati,za,19741,1437,,,šiti
biti,probiti,pro,19741,1371,,,koračiti
kazivati,prikazivati,pri,19741,285,,,skakati
slušati,saslušati,sa,19072,9869,,,pevati
stajati,nastajati,na,19072,89,,,groziti
setiti,prisetiti,pri,18933,4347,,,loviti
nuditi,prinuditi,pri,18933,835,,,kopati
vući,odvući,od,18933,308,,,pomenuti
seći,preseći,pre,18933,420,,,jesti
morati,primorati,pri,18933,306,,,skratiti
gurnuti,odgurnuti,od,18933,124,,,kucati
moriti,odmoriti,od,18933,14,,,kačiti
maknuti,primaknuti,pri,17782,553,,,diviti
mrštiti,namrštiti,na,17782,27,,,krcati
baciti,dobaciti,do,17782,32,,,porediti
laziti,zalaziti,za,17782,43,,,leteti
uzimati,zauzimati,za,17671,12634,,,lupiti
vijati,razvijati,raz,17671,868,,,stupati
kupiti,sakupiti,sa,17671,2733,,,hoditi
živeti,preživeti,pre,17671,124,,,crtati
pamtiti,zapamtiti,za,17671,27,,,spavati
seliti,preseliti,pre,17671,21,,,trebati
disati,uzdisati,uz,17597,168,,,daviti
kazivati,dokazivati,do,17597,160,,,stizati
maknuti,izmaknuti,iz,17597,64,,,lutati
ćutati,ućutati,u,17597,30,,,tovariti
vršiti,dovršiti,do,17597,14,,,ustajati
hapsiti,uhapsiti,u,17156,3327,,,lepiti
krstiti,prekrstiti,pre,17156,1266,,,secati
lagati,izlagati,iz,17156,1199,,,obići
glasiti,proglasiti,pro,17156,1305,,,jahati
držati,sadržati,sa,17156,384,,,svući
micati,odmicati,od,17156,133,,,topiti
vladati,zavladati,za,17156,9,,,udarati
ključati,zaključati,za,16832,7,,,mašiti
viđati,uviđati,u,16250,1177,,,dražiti
šaputati,prošaputati,pro,16250,341,,,živiti
ticati,uticati,u,16250,179,,,siti
ćutati,zaćutati,za,16250,402,,,prineti
micati,izmicati,iz,16250,46,,,dubiti
dahnuti,udahnuti,u,16250,8,,,trljati
nalaziti,pronalaziti,pro,14867,2017,,,gaziti
raditi,zaraditi,za,14867,1678,,,strašiti
širiti,proširiti,pro,14867,553,,,trpati
sticati,podsticati,pod,14867,391,,,lečiti
tumačiti,protumačiti,pro,14867,374,,,stremiti
meriti,odmeriti,od,14867,322,,,dobiti
radovati,obradovati,ob,14867,191,,,zboriti
brisati,izbrisati,iz,14867,165,,,ličiti
graditi,sagraditi,sa,14867,135,,,mrgoditi
pisati,zapisati,za,14867,238,,,mrsiti
graditi,izgraditi,iz,14867,57,,,noćiti
padati,upadati,u,14430,1297,,,pušiti
šetati,prošetati,pro,14430,74,,,poručivati
ljutiti,naljutiti,na,14430,44,,,goreti
videti,uvideti,u,14430,13,,,izvesti
zvoniti,zazvoniti,za,14430,9,,,nervirati
živeti,proživeti,pro,14042,6382,,,kasniti
trčati,dotrčati,do,14042,311,,,bacati
juriti,odjuriti,od,14042,382,,,gomilati
služiti,zaslužiti,za,14042,165,,,snovati
slediti,uslediti,u,14042,35,,,prezati
spraviti,uspraviti,u,14042,30,,,manuti
voleti,izvoleti,iz,14042,18,,,viditi
viti,saviti,sa,13404,80,,,tajiti
sretati,susretati,su,13404,22,,,birati
ostajati,preostajati,pre,12796,30,,,srnuti
tiskati,pritiskati,pri,12543,149,,,sititi
gledati,sagledati,sa,12543,59,,,sipati
drhtati,zadrhtati,za,12125,22,,,letiti
videti,zavideti,za,11829,165,,,važiti
beležiti,zabeležiti,za,11829,33,,,pretiti
micati,promicati,pro,11829,21,,,varati
stupiti,nastupiti,na,11378,507,,,vezati
padati,napadati,na,10921,88,,,brusiti
pamtiti,upamtiti,u,10756,21,,,liti
nuti,prenuti,pre,10720,216,,,prljati
vijati,savijati,sa,10720,188,,,uzrokovati
gledati,razgledati,raz,10720,98,,,upirati
stati,sastati,sa,10592,244,,,drmati
disati,udisati,u,10592,183,,,magliti
uhvatiti,obuhvatiti,ob,10592,83,,,putovati
tešiti,utešiti,u,10526,327,,,žaliti
oružati,naoružati,na,10526,53,,,tući
goniti,progoniti,pro,10367,365,,,kašljati
blažiti,ublažiti,u,10367,1521,,,pratiti
voditi,prevoditi,pre,10367,437,,,računati
izvoditi,proizvoditi,pro,10367,1142,,,bivati
mucati,promucati,pro,10367,49,,,prtiti
robiti,zarobiti,za,10367,63,,,rušiti
desiti,udesiti,u,9961,3800,,,platiti
desiti,zadesiti,za,9961,9,,,krutiti
umiti,naumiti,na,9961,7,,,šaliti
ticati,doticati,do,9836,45,,,cediti
stajati,sastajati,sa,9658,4516,,,mazati
sećati,prisećati,pri,9658,861,,,gunđati
kloniti,zakloniti,za,9658,286,,,obratiti
micati,primicati,pri,9658,62,,,uditi
saditi,dosaditi,do,9658,67,,,slepiti
počinjati,započinjati,za,9658,14,,,trpeti
goniti,nagoniti,na,9658,5,,,vrteti
gušiti,ugušiti,u,9502,5437,,,užiti
rediti,prirediti,pri,9502,5228,,,pečatiti
slaviti,proslaviti,pro,9502,4630,,,legati
metati,nametati,na,9502,2242,,,želiti
puštati,propuštati,pro,9502,40,,,mučiti
turati,preturati,pre,9502,188,,,gurati
razumevati,podrazumevati,pod,9449,355,,,općiti
pasti,zapasti,za,9449,285,,,jecati
činiti,sačiniti,sa,9449,165,,,snivati
roniti,izroniti,iz,9145,588,,,listati
sporiti,usporiti,u,9145,1051,,,veseliti
vraćati,uzvraćati,uz,9145,86,,,roditi
teći,proteći,pro,9145,118,,,manjiti
valiti,prevaliti,pre,9020,8539,,,točiti
žmuriti,zažmuriti,za,9020,108,,,buniti
bledeti,prebledeti,pre,9020,60,,,kriviti
ići,razići,raz,9020,19,,,dragati
motati,umotati,u,8691,6,,,dosećati
slikati,naslikati,na,8605,385,,,svirati
rezati,urezati,u,8605,156,,,mamiti
gušiti,prigušiti,pri,8605,20,,,sušiti
glasiti,naglasiti,na,8551,490,,,brojati
vesti,zavesti,za,8551,57,,,tišati
grejati,zagrejati,za,8551,77,,,vedriti
ceniti,proceniti,pro,8403,1157,,,njušiti
okupiti,zaokupiti,za,8221,22,,,otkriti
padati,propadati,pro,8221,15,,,mjeriti
valiti,provaliti,pro,8221,13,,,trnuti
krasiti,ukrasiti,u,8221,8,,,menjati
viriti,proviriti,pro,8170,7836,,,derati
skočiti,preskočiti,pre,8170,4079,,,motriti
moriti,umoriti,u,8170,551,,,jariti
miti,umiti,u,8170,177,,,obilaziti
riti,zariti,za,8170,40,,,letati
čekati,pričekati,pri,8089,2491,,,besneti
ložiti,uložiti,u,8089,387,,,jaditi
raditi,izraditi,iz,8089,36,,,niknuti
upreti,odupreti,od,8063,256,,,režati
nositi,zanositi,za,8063,180,,,lomiti
viti,uviti,u,8063,81,,,uzdavati
piti,napiti,na,8063,55,,,sijati
plaviti,preplaviti,pre,8063,44,,,vapiti
kloniti,nakloniti,na,8063,18,,,slagati
domisliti,predomisliti,pre,7962,106,,,mutiti
klanjati,zaklanjati,za,7962,75,,,štedeti
žeti,prožeti,pro,7962,58,,,čistiti
ticati,proticati,pro,7962,60,,,tresti
nositi,prinositi,pri,7962,48,,,grabiti
trčati,pritrčati,pri,7962,45,,,krotiti
deliti,dodeliti,do,7962,5,,,rešiti
uzdati,obuzdati,ob,7866,379,,,izlaziti
maknuti,promaknuti,pro,7866,77,,,turiti
uzimati,oduzimati,od,7866,175,,,voliti
seći,odseći,od,7866,20,,,vitlati
javiti,najaviti,na,7245,19,,,pipati
slediti,naslediti,na,7245,8,,,dremati
govoriti,nagovoriti,na,7205,325,,,ganjati
kovati,prikovati,pri,7205,137,,,koriti
interesovati,zainteresovati,za,7205,132,,,kratiti
poručiti,preporučiti,pre,7205,67,,,rugati
mešati,izmešati,iz,7205,29,,,jačati
ložiti,naložiti,na,7205,27,,,ljuljati
moći,domoći,do,7205,17,,,blistati
valiti,zavaliti,za,7145,435,,,trošiti
davati,pridavati,pri,7145,425,,,hteti
boleti,razboleti,raz,7068,4133,,,sezati
brzati,ubrzati,u,7068,361,,,šarati
pustiti,upustiti,u,7068,858,,,ostaviti
šiti,sušiti,su,7068,31,,,poloviti
pasti,pripasti,pri,7068,42,,,siktati
dužiti,zadužiti,za,7068,9,,,spravljati
koračiti,zakoračiti,za,6980,148,,,kršiti
skakati,preskakati,pre,6977,57,,,mirisati
vraćati,odvraćati,od,6576,293,,,čuljiti
zvati,dozvati,do,6576,32,,,škoditi
ljubiti,priljubiti,pri,6576,7,,,sedeti
terati,doterati,do,6546,55,,,plesti
pevati,zapevati,za,6546,13,,,vrtiti
seliti,naseliti,na,6468,69,,,grebati
maknuti,umaknuti,u,6468,48,,,pajati
groziti,ugroziti,u,6464,1235,,,bežati
vijati,uvijati,u,6464,488,,,denuti
viti,izviti,iz,6262,135,,,šaptati
dati,zadati,za,6262,102,,,stradati
valiti,navaliti,na,6262,30,,,brazdati
plašiti,preplašiti,pre,6260,589,,,verati
voditi,odvoditi,od,6260,2413,,,prinositi
vući,provući,pro,6260,323,,,uveriti
davati,udavati,u,6260,430,,,saviti
loviti,uloviti,u,6260,24,,,pričati
kopati,zakopati,za,6260,24,,,bušiti
stupiti,pristupiti,pri,6260,9,,,udati
stavljati,sastavljati,sa,6205,66,,,žariti
pomenuti,napomenuti,na,6053,145,,,mrljati
jesti,ujesti,u,5985,214,,,nakaziti
pisati,prepisati,pre,5985,88,,,samariti
pisati,pripisati,pri,5985,15,,,lajati
puštati,upuštati,u,5962,990,,,pomagati
baciti,zabaciti,za,5962,455,,,želeti
skratiti,uskratiti,u,5962,284,,,zvučati
kucati,zakucati,za,5962,1607,,,očit
boleti,zaboleti,za,5962,1122,,,okrenuti
kačiti,zakačiti,za,5962,129,,,žad
davati,zadavati,za,5962,42,,,lizati
diviti,zadiviti,za,5962,37,,,planuti
krcati,ukrcati,u,5916,24,,,djelovati
porediti,uporediti,u,5858,51,,,minuti
leteti,naleteti,na,5714,323,,,razumiti
baviti,zabaviti,za,5687,16,,,zbiti
pasti,prepasti,pre,5649,193,,,prečiti
lupiti,zalupiti,za,5562,285,,,stezati
stupati,nastupati,na,5562,275,,,sesti
vijati,izvijati,iz,5562,144,,,grnuti
lagati,nalagati,na,5549,1331,,,cerekati
hoditi,uhoditi,u,5549,39,,,prositi
crtati,nacrtati,na,5518,2273,,,značiti
dati,uzdati,uz,5518,24,,,okupljati
spavati,uspavati,u,5487,340,,,obući
lagati,odlagati,od,5487,53,,,mračiti
trebati,zatrebati,za,5487,147,,,pominjati
učiti,proučiti,pro,5487,30,,,gostiti
vijati,zavijati,za,5487,96,,,patiti
roniti,uroniti,u,5463,1449,,,dešavati
igrati,zaigrati,za,5463,948,,,voziti
daviti,udaviti,u,5463,138,,,komentarisati
stizati,pristizati,pri,5463,114,,,grditi
lutati,zalutati,za,5463,16,,,gneviti
tovariti,natovariti,na,5463,6,,,hladiti
ustajati,odustajati,od,5396,112,,,veo
lepiti,zalepiti,za,5396,99,,,plivati
vući,razvući,raz,5396,39,,,pleniti
secati,presecati,pre,5396,34,,,krčiti
vesti,privesti,pri,5396,59,,,bistriti
obići,zaobići,za,5396,10,,,brojiti
jahati,uzjahati,uz,5396,7,,,hodati
svući,presvući,pre,5393,1314,,,ležati
baviti,izbaviti,iz,5393,1012,,,škripati
topiti,utopiti,u,5393,346,,,treperiti
kupiti,prikupiti,pri,5393,94,,,duvati
udarati,zaudarati,za,5393,74,,,kostrešiti
bledeti,izbledeti,iz,5393,33,,,močiti
biti,nabiti,na,5376,901,,,cvetati
setiti,dosetiti,do,5261,335,,,boriti
mašiti,promašiti,pro,5261,502,,,gladiti
ticati,zaticati,za,5261,9,,,mrtviti
kopati,ukopati,u,5251,264,,,sukati
čuti,pročuti,pro,5251,57,,,tkati
skočiti,odskočiti,od,5251,135,,,kobiti
dražiti,razdražiti,raz,5251,44,,,okružiti
živiti,doživiti,do,5251,269,,,krpiti
siti,prositi,pro,5236,909,,,šminkati
voleti,zavoleti,za,5236,69,,,hvat
teći,uteći,u,5236,42,,,vejati
voditi,uvoditi,u,5236,10,,,obliti
vući,dovući,do,5210,2683,,,oštriti
imati,nadimati,nad,5210,380,,,zdraviti
prineti,doprineti,do,5210,274,,,dodati
dubiti,udubiti,u,5086,881,,,ogrnuti
trljati,protrljati,pro,5086,165,,,dosetiti
ćutati,prećutati,pre,5086,38,,,lediti
gaziti,pregaziti,pre,5086,17,,,diktirati
tisnuti,utisnuti,u,5086,5,,,češljati
strašiti,prestrašiti,pre,5077,103,,,mileti
trpati,zatrpati,za,5030,1148,,,petljati
lečiti,izlečiti,iz,5006,1024,,,pecati
stremiti,ustremiti,u,5006,802,,,iskati
kinuti,ukinuti,u,5006,449,,,šunjati
dobiti,zadobiti,za,5006,366,,,strujati
nositi,nanositi,na,5006,251,,,brijati
zboriti,prozboriti,pro,5006,212,,,žmiriti
ličiti,priličiti,pri,5006,59,,,zidati
stupiti,ustupiti,u,5006,7,,,svlačiti
činiti,pričiniti,pri,5006,5,,,golicati
mrgoditi,namrgoditi,na,5005,53,,,pojiti
koračiti,prekoračiti,pre,5005,12,,,crveniti
graditi,nagraditi,na,4902,1169,,,skraćivati
živiti,preživiti,pre,4902,160,,,oći
dahnuti,izdahnuti,iz,4902,112,,,šuškati
valiti,izvaliti,iz,4710,158,,,pućiti
pustiti,zapustiti,za,4710,19,,,ćuliti
uzeti,izuzeti,iz,4624,205,,,broditi
ostati,zaostati,za,4624,36,,,dejstvovati
mrsiti,zamrsiti,za,4595,1061,,,gajiti
padati,zapadati,za,4595,183,,,rvati
biti,zabiti,za,4595,139,,,migoljiti
drhtati,uzdrhtati,uz,4595,145,,,dobijati
udarati,odudarati,od,4595,45,,,piljiti
kopati,dokopati,do,4595,32,,,kaljati
noćiti,prenoćiti,pre,4595,33,,,crveneti
krstiti,ukrstiti,u,4573,5982,,,rubiti
viriti,zaviriti,za,4573,53,,,vozati
metati,razmetati,raz,4563,3774,,,množiti
pušiti,zapušiti,za,4523,100,,,traćiti
poručivati,preporučivati,pre,4523,81,,,glačati
braniti,odbraniti,od,4523,50,,,urediti
goreti,izgoreti,iz,4523,44,,,teturati
ostati,izostati,iz,4523,16,,,smetati
zvati,prizvati,pri,4523,16,,,vežbati
vesti,razvesti,raz,4523,11,,,minirati
gledati,nadgledati,nad,4490,282,,,borati
terati,preterati,pre,4490,61,,,bujati
vratiti,navratiti,na,4490,421,,,parati
izvesti,proizvesti,pro,4490,23,,,ploviti
nervirati,iznervirati,iz,4437,177,,,glumiti
kasniti,zakasniti,za,4437,67,,,mititi
bacati,razbacati,raz,4437,34,,,trovati
likovati,oblikovati,ob,4437,26,,,rastati
micati,uzmicati,uz,4437,19,,,odati
gomilati,nagomilati,na,4437,20,,,kititi
snovati,zasnovati,za,4437,8,,,zepsti
viti,priviti,pri,4437,6,,,isticati
kazati,zakazati,za,4422,79,,,umreti
zvati,prozvati,pro,4401,27,,,maziti
prezati,naprezati,na,4328,116,,,kvasiti
manuti,obmanuti,ob,4328,88,,,bečiti
viditi,uviditi,u,4328,78,,,gnezditi
tajiti,pritajiti,pri,4328,70,,,sjetiti
birati,prebirati,pre,4328,50,,,suziti
gađati,nagađati,na,4328,42,,,sloviti
srnuti,nasrnuti,na,4328,8,,,kipiti
meriti,zameriti,za,4273,27,,,zbijati
tražiti,pretražiti,pre,4252,1407,,,pljeskati
uzimati,preuzimati,pre,4252,332,,,pakostiti
sititi,zasititi,za,4252,119,,,nišaniti
sipati,prosipati,pro,4252,143,,,stenjati
držati,pridržati,pri,4191,137,,,lupati
letiti,izletiti,iz,4191,137,,,krvaviti
važiti,odvažiti,od,4191,182,,,hrupiti
pretiti,zapretiti,za,4191,34,,,otkrivati
varati,zavarati,za,4105,50,,,obraćati
praviti,upraviti,u,4075,347,,,besniti
vezati,privezati,pri,4075,82,,,gospodariti
brusiti,odbrusiti,od,4075,23,,,sedati
liti,obliti,ob,4029,1622,,,razložiti
hraniti,nahraniti,na,4029,206,,,zviždati
prljati,uprljati,u,4029,32,,,trubiti
seliti,useliti,u,4029,11,,,tvor
uzrokovati,prouzrokovati,pro,3993,137,,,poroditi
upirati,odupirati,od,3993,86,,,nizati
drmati,prodrmati,pro,3993,68,,,ćelav
magliti,zamagliti,za,3993,33,,,gaditi
liti,uliti,u,3993,27,,,vojevati
putovati,doputovati,do,3993,28,,,jadati
žaliti,sažaliti,sa,3993,7,,,gladneti
seliti,odseliti,od,3915,1090,,,titrati
moriti,zamoriti,za,3915,2251,,,mesiti
tući,utući,u,3915,296,,,venuti
viti,zaviti,za,3915,141,,,gibati
kašljati,nakašljati,na,3915,23,,,deklamovati
leteti,izleteti,iz,3915,9,,,talasati
misliti,promisliti,pro,3889,1516,,,priličiti
visiti,uzvisiti,uz,3889,375,,,grajati
liti,zaliti,za,3889,271,,,ujedati
pratiti,propratiti,pro,3869,578,,,bdeti
grliti,obgrliti,ob,3869,103,,,šišati
računati,izračunati,iz,3869,29,,,razlagati
bivati,dobivati,do,3869,25,,,lanuti
prtiti,uprtiti,u,3796,294,,,ječati
stupati,zastupati,za,3757,252,,,strčati
rušiti,narušiti,na,3757,90,,,vjeriti
valiti,uvaliti,u,3757,68,,,bludeti
baviti,pribaviti,pri,3757,51,,,mlatiti
maknuti,razmaknuti,raz,3757,7,,,spaliti
spavati,prespavati,pre,3738,67,,,kikotati
plašiti,zaplašiti,za,3685,51,,,tuliti
platiti,naplatiti,na,3685,55,,,trajati
krutiti,ukrutiti,u,3640,1289,,,čkiljiti
daviti,zadaviti,za,3640,40,,,buktati
sipati,zasipati,za,3617,339,,,vetriti
vijati,previjati,pre,3617,10,,,pucati
viknuti,priviknuti,pri,3603,75,,,krenuti
staviti,dostaviti,do,3600,106,,,joguniti
šaliti,našaliti,na,3572,650,,,krštavati
cediti,procediti,pro,3518,56,,,rumeniti
mazati,namazati,na,3494,8,,,prodavati
dužiti,izdužiti,iz,3489,20,,,gluv
vraćati,navraćati,na,3489,16,,,kukati
gunđati,progunđati,pro,3467,276,,,žeći
miriti,izmiriti,iz,3467,223,,,izići
roniti,zaroniti,za,3467,29,,,recitovati
poznavati,upoznavati,u,3467,12,,,vezivati
obratiti,preobratiti,pre,3467,9,,,naduti
gledati,nagledati,na,3467,8,,,vikati
moriti,premoriti,pre,3467,7,,,inatiti
uditi,nauditi,na,3326,103,,,sisati
slepiti,zaslepiti,za,3326,78,,,brbljati
trpeti,pretrpeti,pre,3326,31,,,šiljiti
biti,prebiti,pre,3324,290,,,ispitati
vrteti,zavrteti,za,3324,302,,,ubijati
lagati,ulagati,u,3324,54,,,izaći
juriti,dojuriti,do,3324,9,,,svetliti
užiti,odužiti,od,3299,44,,,celiti
vući,podvući,pod,3288,750,,,hladneti
pečatiti,zapečatiti,za,3288,162,,,plesati
dirati,razdirati,raz,3288,42,,,pakovati
legati,razlegati,raz,3288,39,,,lepršati
želiti,zaželiti,za,3229,89,,,imenovati
terati,proterati,pro,3229,119,,,rogušiti
mučiti,namučiti,na,3229,18,,,bljuvati
gurati,ugurati,u,3140,4430,,,ređati
općiti,uopćiti,u,3140,13,,,treptati
jahati,odjahati,od,3106,321,,,kuvati
jecati,zajecati,za,3106,313,,,vrpoljiti
taknuti,nataknuti,na,3106,282,,,ispitivati
metati,premetati,pre,3106,218,,,šuštati
snivati,zasnivati,za,3106,118,,,postaviti
listati,prelistati,pre,3106,48,,,klesati
veseliti,razveseliti,raz,3106,36,,,umirati
roditi,izroditi,iz,3106,9,,,tanjiti
manjiti,umanjiti,u,3099,3500,,,pucketati
leteti,odleteti,od,3099,104,,,mreškati
točiti,zatočiti,za,3099,24,,,krkljati
buniti,uzbuniti,uz,2985,31,,,klimati
topiti,natopiti,na,2961,33,,,ostavljati
teći,priteći,pri,2961,198,,,veličati
likovati,nalikovati,na,2958,650,,,gnječiti
kriviti,nakriviti,na,2958,655,,,usmeriti
dragati,razdragati,raz,2952,376,,,okretati
govoriti,ugovoriti,u,2952,56,,,temeljiti
dosećati,predosećati,pre,2952,43,,,tutnjati
govoriti,prigovoriti,pri,2952,9,,,tucati
likovati,dolikovati,do,2913,937,,,kupovati
svirati,zasvirati,za,2895,93,,,svetiti
družiti,udružiti,u,2868,86,,,testirati
liti,proliti,pro,2868,21,,,ovladavati
mamiti,izmamiti,iz,2868,18,,,uživati
sušiti,sasušiti,sa,2868,18,,,taložiti
brojati,izbrojati,iz,2863,184,,,jebati
tišati,utišati,u,2863,17,,,upitati
hvatati,zahvatati,za,2855,60,,,peniti
vedriti,razvedriti,raz,2844,3841,,,tabati
liti,izliti,iz,2844,3611,,,blagodariti
njušiti,nanjušiti,na,2844,893,,,postavljati
likovati,odlikovati,od,2844,142,,,peći
otkriti,razotkriti,raz,2844,12,,,stideti
dahnuti,predahnuti,pre,2841,45,,,luditi
viriti,izviriti,iz,2841,23,,,blenuti
mjeriti,namjeriti,na,2841,23,,,gasnuti
miriti,primiriti,pri,2829,99,,,uveličati
trnuti,pretrnuti,pre,2829,62,,,huškati
menjati,izmenjati,iz,2790,27,,,magarčiti
derati,proderati,pro,2740,44,,,krstariti
motriti,razmotriti,raz,2687,502,,,iskriti
vršiti,navršiti,na,2687,36,,,mahati
jariti,razjariti,raz,2687,19,,,ćaskati
vijati,privijati,pri,2680,192,,,dvoriti
nositi,nadnositi,nad,2680,101,,,faliti
rušiti,obrušiti,ob,2680,124,,,pasati
metati,nadmetati,nad,2680,95,,,dojiti
seliti,doseliti,do,2680,73,,,ridati
obilaziti,zaobilaziti,za,2680,58,,,jaloviti
šiti,sašiti,sa,2680,62,,,vibrirati
viti,odviti,od,2680,39,,,ovladati
upirati,podupirati,pod,2680,32,,,nagliti
piti,pripiti,pri,2680,40,,,mrcvariti
kloniti,prikloniti,pri,2680,18,,,kockati
ložiti,založiti,za,2624,114,,,parirati
lepiti,prilepiti,pri,2624,40,,,trpiti
klanjati,uklanjati,u,2612,2837,,,drešiti
letati,preletati,pre,2591,224,,,žderati
nositi,raznositi,raz,2524,646,,,meškoljiti
besneti,razbesneti,raz,2524,222,,,curiti
jaditi,dojaditi,do,2524,78,,,škiljiti
skočiti,uskočiti,u,2522,181,,,bolovati
niknuti,proniknuti,pro,2522,51,,,negovati
režati,zarežati,za,2460,498,,,kipeti
lomiti,prelomiti,pre,2460,106,,,kapirati
vladati,nadvladati,nad,2459,2181,,,piškiti
uzdavati,obuzdavati,ob,2459,370,,,kaniti
sijati,zasijati,za,2459,84,,,lickati
stupati,ustupati,u,2450,789,,,popiti
vapiti,zavapiti,za,2437,3073,,,strujiti
voleti,privoleti,pri,2437,500,,,mekšati
viknuti,podviknuti,pod,2437,207,,,brundati
slagati,naslagati,na,2437,157,,,kretati
mutiti,zamutiti,za,2437,111,,,sejati
moliti,promoliti,pro,2437,109,,,laknuti
drmati,uzdrmati,uz,2437,99,,,uveličavati
buditi,razbuditi,raz,2437,61,,,gruvati
letiti,naletiti,na,2437,67,,,tjerati
štedeti,uštedeti,u,2437,37,,,odenuti
čistiti,pročistiti,pro,2437,46,,,vrebati
tresti,protresti,pro,2372,33,,,rešavati
liti,preliti,pre,2372,41,,,mrskati
svirati,odsvirati,od,2372,136,,,levati
grabiti,dograbiti,do,2372,16,,,ukrštati
trčati,pretrčati,pre,2372,16,,,živjeti
maknuti,zamaknuti,za,2372,8,,,znojiti
krotiti,ukrotiti,u,2351,17,,,učestvovati
rešiti,razrešiti,raz,2337,97,,,vrstati
tvoriti,pritvoriti,pri,2337,40,,,udariti
izlaziti,proizlaziti,pro,2337,37,,,tješiti
turiti,proturiti,pro,2337,94,,,treskati
ljutiti,razljutiti,raz,2292,1237,,,huktati
voliti,zavoliti,za,2292,15,,,sladiti
vitlati,zavitlati,za,2244,359,,,cakliti
pipati,napipati,na,2189,359,,,valjati
paziti,pripaziti,pri,2189,163,,,škrabati
vrteti,uvrteti,u,2189,241,,,ciljati
čuti,načuti,na,2189,81,,,ceriti
ostajati,zaostajati,za,2189,44,,,ružiti
liti,naliti,na,2189,23,,,pomoći
dremati,zadremati,za,2189,18,,,računiti
leteti,uleteti,u,2189,18,,,crniti
vezati,zavezati,za,2175,1965,,,puderisati
jahati,projahati,pro,2089,12,,,delovati
saditi,zasaditi,za,2048,173,,,prsnuti
ganjati,proganjati,pro,2048,48,,,cvrkutati
biti,sabiti,sa,2048,30,,,pešačiti
koriti,prekoriti,pre,2048,5,,,naglasiti
kratiti,prekratiti,pre,2036,528,,,maštati
letiti,uletiti,u,2036,263,,,ranjaviti
upreti,podupreti,pod,2007,354,,,zvečati
saditi,usaditi,u,2007,204,,,vrištati
meriti,izmeriti,iz,2007,55,,,svetlucati
rugati,narugati,na,2007,32,,,stiditi
jačati,nadjačati,nad,2007,34,,,mrziti
ljuljati,zaljuljati,za,2007,14,,,gegati
maknuti,uzmaknuti,uz,2007,15,,,škripiti
graditi,ugraditi,u,2007,12,,,pržiti
blistati,zablistati,za,1988,126,,,komplikovati
trošiti,utrošiti,u,1973,244,,,ribati
hteti,prohteti,pro,1973,121,,,lokati
sezati,dosezati,do,1934,139,,,osećati
raditi,obraditi,ob,1934,190,,,krijumčariti
legati,podlegati,pod,1929,219,,,sediti
letiti,odletiti,od,1929,154,,,rotiti
letati,izletati,iz,1929,46,,,glancati
lagati,zalagati,za,1911,1540,,,kalemiti
šarati,prošarati,pro,1891,737,,,hrkati
kašljati,zakašljati,za,1891,16,,,prostiti
ostaviti,izostaviti,iz,1891,26,,,vrdati
mučiti,izmučiti,iz,1871,453,,,rešetati
rušiti,prerušiti,pre,1871,171,,,tužiti
poloviti,prepoloviti,pre,1871,58,,,batinati
juriti,projuriti,pro,1871,14,,,tamniti
siktati,prosiktati,pro,1865,348,,,skičati
spravljati,uspravljati,u,1865,302,,,ogrtati
kršiti,prekršiti,pre,1865,295,,,odevati
mirisati,namirisati,na,1865,176,,,strugati
čuljiti,načuljiti,na,1865,159,,,uveravati
škoditi,naškoditi,na,1865,98,,,očaravati
leteti,preleteti,pre,1865,70,,,beleti
sedeti,presedeti,pre,1865,65,,,domišljati
turiti,preturiti,pre,1861,71,,,cvokotati
lomiti,prolomiti,pro,1824,160,,,glasati
lutati,odlutati,od,1824,70,,,vrbovati
deliti,razdeliti,raz,1824,58,,,ganuti
trnuti,utrnuti,u,1824,37,,,mastiti
plesti,saplesti,sa,1824,33,,,prazniti
vrtiti,zavrtiti,za,1816,199,,,kolutati
grebati,izgrebati,iz,1816,213,,,kotrljati
spavati,odspavati,od,1816,172,,,kreštati
pajati,napajati,na,1816,28,,,krojiti
bežati,razbežati,raz,1816,26,,,krvariti
oružati,razoružati,raz,1813,1127,,,kisnuti
denuti,zadenuti,za,1813,5687,,,venčati
šaptati,prošaptati,pro,1813,714,,,žvrljati
piti,upiti,u,1813,34,,,napredovati
stradati,nastradati,na,1808,274,,,dimiti
brazdati,izbrazdati,iz,1808,92,,,škrgutati
kupiti,nakupiti,na,1808,63,,,resiti
verati,uzverati,uz,1808,28,,,okruživati
gaziti,zagaziti,za,1808,70,,,koričiti
prinositi,doprinositi,do,1790,79,,,oblačiti
uveriti,razuveriti,raz,1769,126,,,beliti
vijati,nadvijati,nad,1769,63,,,skakutati
saviti,presaviti,pre,1769,54,,,sanjati
pričati,prepričati,pre,1769,17,,,mrdati
bušiti,probušiti,pro,1769,9,,,žvakati
udati,preudati,pre,1769,6,,,vređati
grliti,prigrliti,pri,1733,1026,,,napiti
grejati,ugrejati,u,1733,31,,,mrviti
bivati,prebivati,pre,1733,42,,,čeprkati
viđati,priviđati,pri,1711,106,,,cijeniti
dizati,izdizati,iz,1711,82,,,studirati
šiti,ušiti,u,1711,65,,,prodati
žariti,zažariti,za,1711,21,,,vidati
pratiti,dopratiti,do,1662,78,,,svetleti
vezati,razvezati,raz,1653,58,,,pištati
mrljati,umrljati,u,1609,29,,,njištati
nakaziti,unakaziti,u,1600,104,,,kovitlati
voditi,zavoditi,za,1574,541,,,jaukati
misliti,umisliti,u,1568,183,,,bleštiti
žaliti,zažaliti,za,1568,142,,,šivati
grabiti,ugrabiti,u,1568,137,,,komandovati
samariti,nasamariti,na,1568,15,,,šmrknuti
birati,sabirati,sa,1568,16,,,rovati
meriti,nameriti,na,1568,12,,,masirati
lajati,zalajati,za,1560,921,,,žmirkati
noćiti,zanoćiti,za,1560,357,,,vredeti
pomagati,zapomagati,za,1560,70,,,šeprtljati
mamiti,namamiti,na,1560,9,,,vlažiti
želeti,zaželeti,za,1556,18,,,đubriti
zvučati,zazvučati,za,1522,1315,,,siriti
žeti,sažeti,sa,1522,859,,,raniti
očit,naočit,na,1522,135,,,militi
okrenuti,preokrenuti,pre,1522,168,,,kreveljiti
ložiti,obložiti,ob,1522,564,,,marširati
vaditi,zavaditi,za,1522,17,,,buljiti
dobiti,pridobiti,pri,1522,52,,,prijeti
letati,obletati,ob,1522,11,,,kvariti
žad,užad,u,1522,7,,,sapunjati
važiti,uvažiti,u,1497,80,,,prskati
kočiti,zakočiti,za,1489,373,,,sitniti
lizati,izlizati,iz,1468,51,,,smrdeti
planuti,preplanuti,pre,1467,664,,,žuljati
goreti,sagoreti,sa,1467,35,,,vinuti
djelovati,sudjelovati,su,1427,1744,,,cvrčati
mašiti,nadmašiti,nad,1402,69,,,jemčiti
minuti,uminuti,u,1402,46,,,kukurikati
razumiti,urazumiti,u,1402,22,,,lelujati
goditi,ugoditi,u,1396,187,,,penušati
skočiti,priskočiti,pri,1396,80,,,pevušiti
stupiti,odstupiti,od,1396,9,,,senčiti
hoditi,nahoditi,na,1396,5,,,kljukati
zbiti,suzbiti,su,1381,28,,,debljati
prečiti,preprečiti,pre,1380,823,,,šištati
veriti,zaveriti,za,1380,127,,,tutnjiti
stezati,ustezati,u,1380,85,,,njuškati
letati,saletati,sa,1380,187,,,nicati
sesti,zasesti,za,1380,54,,,mašati
grnuti,nagrnuti,na,1380,37,,,diskutovati
viti,previti,pre,1380,21,,,doći
cerekati,zacerekati,za,1380,19,,,dodavati
udarati,podudarati,pod,1380,12,,,otimati
prositi,zaprositi,za,1380,7,,,uvijati
trčati,protrčati,pro,1380,23,,,gnjiti
značiti,naznačiti,na,1375,2261,,,graničiti
okupljati,zaokupljati,za,1370,12,,,masakrirati
valiti,odvaliti,od,1370,113,,,momčiti
leteti,proleteti,pro,1363,948,,,maskirati
obući,preobući,pre,1363,186,,,brujati
mračiti,zamračiti,za,1363,90,,,brazditi
gaziti,nagaziti,na,1363,60,,,kričati
metati,podmetati,pod,1363,50,,,jamčiti
viti,nadviti,nad,1360,130,,,groktati
leteti,uzleteti,uz,1359,54,,,graktati
pominjati,napominjati,na,1359,50,,,slijediti
gostiti,ugostiti,u,1359,38,,,kovrdžati
vladati,prevladati,pre,1359,12,,,kiseliti
patiti,propatiti,pro,1359,10,,,razgovarati
nositi,pronositi,pro,1359,14,,,pjev
dešavati,udešavati,u,1349,738,,,buđati
voziti,prevoziti,pre,1349,692,,,štaviti
komentarisati,prokomentarisati,pro,1349,48,,,tovar
grditi,izgrditi,iz,1348,61,,,tapkati
glasiti,saglasiti,sa,1348,45,,,saglasiti
juriti,izjuriti,iz,1348,33,,,predati
gneviti,razgneviti,raz,1306,287,,,posedati
učiti,izučiti,iz,1306,201,,,prašiti
hladiti,prehladiti,pre,1306,36,,,redati
micati,zamicati,za,1300,14,,,svrbeti
veo,uveo,u,1297,26,,,veslati
plivati,zaplivati,za,1297,19,,,puzati
trpati,pretrpati,pre,1266,52,,,vijoriti
gledati,progledati,pro,1266,11,,,zveckati
pleniti,zapleniti,za,1266,5,,,bičevati
krčiti,zakrčiti,za,1262,176,,,drkati
bistriti,razbistriti,raz,1262,77,,,gnjaviti
pretiti,pripretiti,pri,1259,44,,,reagovati
lepiti,odlepiti,od,1259,39,,,opijati
brojiti,izbrojiti,iz,1259,7,,,kaliti
valiti,razvaliti,raz,1259,7,,,oblikovati
hodati,uhodati,u,1231,762,,,savijati
činiti,začiniti,za,1225,69,,,testerisati
ležati,odležati,od,1220,400,,,uraniti
škripati,zaškripati,za,1220,90,,,uređivati
treperiti,zatreperiti,za,1220,21,,,dolaziti
govoriti,razgovoriti,raz,1220,78,,,vodati
duvati,izduvati,iz,1208,1087,,,skladištiti
skakati,odskakati,od,1208,33,,,soliti
rediti,prorediti,pro,1176,24,,,batrgati
letiti,preletiti,pre,1165,292,,,belasati
kostrešiti,nakostrešiti,na,1165,75,,,mariti
močiti,umočiti,u,1157,51,,,vonjati
cvetati,procvetati,pro,1129,58,,,zvrjati
crtati,ucrtati,u,1129,40,,,zoriti
paliti,pripaliti,pri,1129,38,,,krpati
boriti,izboriti,iz,1129,15,,,klatiti
lomiti,izlomiti,iz,1115,744,,,drobiti
gladiti,ugladiti,u,1115,96,,,defilovati
mrtviti,umrtviti,u,1115,112,,,drmusati
vijati,navijati,na,1114,199,,,fućkati
biti,pribiti,pri,1114,47,,,toptati
ići,podići,pod,1114,48,,,svoditi
živeti,nadživeti,nad,1114,31,,,mrzeti
turiti,zaturiti,za,1114,27,,,pljuštati
vući,prevući,pre,1114,20,,,tegliti
letati,proletati,pro,1112,16,,,knjižiti
ustaviti,obustaviti,ob,1112,14,,,farbati
meriti,umeriti,u,1111,469,,,kapati
uzdati,zauzdati,za,1109,1059,,,spojiti
sukati,nasukati,na,1109,21,,,udesiti
tkati,satkati,sa,1109,17,,,vaspitati
kobiti,sukobiti,su,1109,20,,,običavati
lučiti,razlučiti,raz,1094,144,,,obručiti
okružiti,zaokružiti,za,1094,15,,,pišati
krpiti,zakrpiti,za,1094,5,,,pljuvati
gurati,izgurati,iz,1088,125,,,bubriti
brojati,nabrojati,na,1088,67,,,fitiljiti
šminkati,našminkati,na,1088,16,,,kalupiti
stizati,sustizati,su,1088,11,,,kresati
hvat,dohvat,do,1088,5,,,miješati
vejati,razvejati,raz,1066,97,,,smijati
obliti,zaobliti,za,1066,68,,,
igrati,izigrati,iz,1066,8,,,
kačiti,prikačiti,pri,1047,4711,,,
miriti,namiriti,na,1047,575,,,
grnuti,razgrnuti,raz,1047,7,,,
seći,useći,u,1036,128,,,
oštriti,izoštriti,iz,1031,1755,,,
zdraviti,nazdraviti,na,1031,140,,,
dodati,pridodati,pri,1031,39,,,
letiti,proletiti,pro,1031,22,,,
raditi,razraditi,raz,1027,13,,,
rediti,podrediti,pod,1018,498,,,
terati,saterati,sa,1013,75,,,
ogrnuti,zaogrnuti,za,1013,74,,,
dosetiti,predosetiti,pre,1013,22,,,
stupati,odstupati,od,1013,28,,,
koriti,ukoriti,u,1013,10,,,
reći,zareći,za,974,207,,,
motati,obmotati,ob,974,167,,,
staviti,ustaviti,u,974,119,,,
lediti,zalediti,za,974,95,,,
bacati,nabacati,na,974,93,,,
diktirati,izdiktirati,iz,974,112,,,
moliti,izmoliti,iz,974,148,,,
raditi,proraditi,pro,974,76,,,
češljati,začešljati,za,974,32,,,
mileti,razmileti,raz,974,28,,,
rezati,prerezati,pre,974,18,,,
petljati,upetljati,u,974,11,,,
pecati,upecati,u,974,7,,,
strašiti,zastrašiti,za,967,1247,,,
boleti,preboleti,pre,967,59,,,
magliti,odmagliti,od,965,120,,,
zvati,sazvati,sa,965,100,,,
iskati,zaiskati,za,965,14,,,
šunjati,ušunjati,u,962,32,,,
dubiti,produbiti,pro,950,265,,,
suditi,presuditi,pre,950,41,,,
strujati,prostrujati,pro,947,6,,,
vezati,odvezati,od,946,84,,,
tajiti,zatajiti,za,931,794,,,
leteti,razleteti,raz,931,16,,,
žariti,užariti,u,930,68,,,
trčati,utrčati,u,930,45,,,
gubiti,zagubiti,za,927,190,,,
disati,izdisati,iz,927,79,,,
motati,zamotati,za,927,88,,,
voditi,privoditi,pri,927,28,,,
pisati,propisati,pro,927,14,,,
petljati,zapetljati,za,927,14,,,
deliti,udeliti,u,927,32,,,
tući,dotući,do,926,169,,,
baviti,dobaviti,do,926,94,,,
ložiti,priložiti,pri,926,9,,,
brijati,izbrijati,iz,918,53,,,
žmiriti,zažmiriti,za,906,22,,,
gaziti,izgaziti,iz,906,22,,,
zidati,zazidati,za,888,347,,,
svlačiti,presvlačiti,pre,883,1015,,,
tući,natući,na,883,725,,,
golicati,zagolicati,za,883,294,,,
pojiti,napojiti,na,883,1676,,,
crveniti,zacrveniti,za,883,410,,,
vršiti,prevršiti,pre,883,229,,,
birati,pribirati,pri,883,84,,,
skraćivati,uskraćivati,u,883,106,,,
sijati,usijati,u,883,352,,,
mirisati,zamirisati,za,883,28,,,
stavljati,dostavljati,do,883,37,,,
ljubiti,izljubiti,iz,883,6,,,
metati,primetati,pri,883,9,,,
oći,nadoći,nad,872,482,,,
letati,naletati,na,872,18,,,
šuškati,ušuškati,u,872,11,,,
pućiti,napućiti,na,870,214,,,
dubiti,zadubiti,za,870,200,,,
ćuliti,naćuliti,na,870,14,,,
trpati,natrpati,na,870,240,,,
živeti,saživeti,sa,862,21,,,
brojiti,prebrojiti,pre,862,65,,,
broditi,prebroditi,pre,861,381,,,
smejati,zasmejati,za,851,134,,,
dejstvovati,izdejstvovati,iz,833,7,,,
gajiti,odgajiti,od,833,8,,,
vajati,izvajati,iz,832,246,,,
rvati,obrvati,ob,832,32,,,
migoljiti,izmigoljiti,iz,832,11,,,
puniti,dopuniti,do,829,2489,,,
viti,naviti,na,829,13,,,
mazati,premazati,pre,818,87,,,
dobijati,zadobijati,za,818,15,,,
piljiti,upiljiti,u,812,33,,,
micati,razmicati,raz,812,12,,,
kaljati,ukaljati,u,809,2532,,,
derati,razderati,raz,809,374,,,
rešiti,odrešiti,od,806,23,,,
praviti,prepraviti,pre,800,224,,,
računati,proračunati,pro,800,45,,,
crveneti,zacrveneti,za,800,39,,,
udarati,izudarati,iz,800,40,,,
baciti,nabaciti,na,800,30,,,
rvati,survati,su,800,18,,,
putovati,proputovati,pro,800,13,,,
točiti,pretočiti,pre,800,8,,,
viknuti,odviknuti,od,800,7,,,
moći,uzmoći,uz,800,6,,,
rubiti,odrubiti,od,797,157,,,
rezati,odrezati,od,793,270,,,
vozati,provozati,pro,793,21,,,
brojati,prebrojati,pre,789,504,,,
množiti,umnožiti,u,785,9,,,
traćiti,protraćiti,pro,785,8,,,
glačati,uglačati,u,774,141,,,
urediti,preurediti,pre,773,580,,,
teturati,zateturati,za,766,482,,,
mrsiti,razmrsiti,raz,766,261,,,
smetati,zasmetati,za,766,101,,,
vežbati,uvežbati,u,766,90,,,
minirati,dominirati,do,766,38,,,
goreti,dogoreti,do,764,708,,,
birati,nabirati,na,764,191,,,
borati,naborati,na,764,13,,,
bujati,nabujati,na,757,568,,,
gušiti,zagušiti,za,757,12,,,
parati,zaparati,za,744,47,,,
ploviti,uploviti,u,740,5,,,
glumiti,odglumiti,od,738,78,,,
liti,saliti,sa,738,96,,,
mititi,podmititi,pod,738,35,,,
trovati,zatrovati,za,738,32,,,
učiti,podučiti,pod,738,14,,,
roditi,uroditi,u,731,92,,,
rastati,narastati,na,728,273,,,
odati,nadodati,nad,721,2557,,,
ličiti,naličiti,na,721,4604,,,
jahati,dojahati,do,721,488,,,
kititi,nakititi,na,721,341,,,
zepsti,prozepsti,pro,721,148,,,
isticati,proisticati,pro,721,148,,,
sušiti,presušiti,pre,721,101,,,
terati,priterati,pri,721,81,,,
čuditi,načuditi,na,721,80,,,
letati,uletati,u,721,143,,,
okrenuti,zaokrenuti,za,721,30,,,
hodati,prohodati,pro,721,9,,,
umreti,izumreti,iz,714,168,,,
javiti,dojaviti,do,714,106,,,
maziti,razmaziti,raz,714,111,,,
kvasiti,nakvasiti,na,714,37,,,
plivati,preplivati,pre,714,32,,,
hvatati,nahvatati,na,714,268,,,
bečiti,izbečiti,iz,707,23,,,
strašiti,ustrašiti,u,671,2577,,,
moriti,izmoriti,iz,671,946,,,
videti,izvideti,iz,671,133,,,
stizati,dostizati,do,671,121,,,
goditi,odgoditi,od,671,1289,,,
stupati,pristupati,pri,671,407,,,
leteti,zaleteti,za,668,189,,,
gnezditi,ugnezditi,u,668,84,,,
služiti,uslužiti,u,668,634,,,
skakati,uskakati,u,668,55,,,
točiti,natočiti,na,668,38,,,
nuditi,iznuditi,iz,666,673,,,
sretati,presretati,pre,666,270,,,
suditi,prosuditi,pro,666,162,,,
sjetiti,podsjetiti,pod,666,130,,,
suziti,zasuziti,za,666,154,,,
sloviti,nasloviti,na,650,314,,,
roditi,naroditi,na,646,145,,,
kipiti,ukipiti,u,644,22,,,
zbijati,suzbijati,su,639,296,,,
pljeskati,zapljeskati,za,633,111,,,
goditi,nagoditi,na,621,178,,,
pakostiti,napakostiti,na,621,142,,,
terati,uterati,u,621,29,,,
bušiti,izbušiti,iz,617,17,,,
nišaniti,nanišaniti,na,617,18,,,
stenjati,zastenjati,za,616,57,,,
šiti,prišiti,pri,607,5,,,
lupati,zalupati,za,606,3618,,,
sukati,usukati,u,606,6039,,,
računati,obračunati,ob,606,2081,,,
kupiti,zakupiti,za,606,2913,,,
krvaviti,zakrvaviti,za,606,6169,,,
hrupiti,nahrupiti,na,606,2442,,,
otkrivati,razotkrivati,raz,606,796,,,
dizati,pridizati,pri,606,247,,,
letati,uzletati,uz,606,311,,,
obraćati,preobraćati,pre,606,159,,,
puniti,prepuniti,pre,606,49,,,
klanjati,priklanjati,pri,597,224,,,
besniti,razbesniti,raz,597,56,,,
seći,zaseći,za,597,22,,,
viriti,naviriti,na,578,108,,,
mazati,umazati,u,577,496,,,
gospodariti,zagospodariti,za,575,230,,,
sedati,odsedati,od,575,25,,,
razložiti,obrazložiti,ob,558,228,,,
zviždati,zazviždati,za,558,55,,,
trubiti,zatrubiti,za,558,35,,,
viti,podviti,pod,558,57,,,
motati,razmotati,raz,542,20,,,
skočiti,zaskočiti,za,542,16,,,
rezati,izrezati,iz,534,2645,,,
tvor,pritvor,pri,530,71,,,
beležiti,pribeležiti,pri,530,5,,,
žaliti,prežaliti,pre,525,102,,,
poroditi,preporoditi,pre,525,8,,,
kidati,ukidati,u,514,58,,,
nizati,nanizati,na,514,14,,,
gladiti,zagladiti,za,510,60,,,
gaziti,ugaziti,u,508,77,,,
glasiti,razglasiti,raz,502,668,,,
ćelav,proćelav,pro,502,86,,,
motriti,promotriti,pro,502,123,,,
krčiti,prokrčiti,pro,502,31,,,
gaditi,zagaditi,za,500,61,,,
jahati,izjahati,iz,498,181,,,
vojevati,izvojevati,iz,496,288,,,
stajati,odstajati,od,496,155,,,
jadati,izjadati,iz,494,753,,,
gladneti,izgladneti,iz,490,27,,,
kazivati,zakazivati,za,488,10,,,
titrati,zatitrati,za,487,143,,,
mesiti,zamesiti,za,487,11,,,
gurati,dogurati,do,484,11,,,
venuti,uvenuti,u,478,4271,,,
lepiti,ulepiti,u,478,85,,,
valiti,podvaliti,pod,478,70,,,
gibati,sagibati,sa,478,37,,,
rastati,prerastati,pre,476,10,,,
gladiti,izgladiti,iz,471,55,,,
rastati,odrastati,od,471,14,,,
reći,proreći,pro,471,13,,,
deklamovati,izdeklamovati,iz,468,598,,,
dubiti,izdubiti,iz,463,197,,,
talasati,zatalasati,za,463,168,,,
ploviti,zaploviti,za,463,20,,,
kititi,zakititi,za,462,14,,,
priličiti,upriličiti,u,462,11,,,
davati,uzdavati,uz,455,299,,,
grajati,zagrajati,za,441,18,,,
ujedati,izujedati,iz,435,5,,,
bdeti,probdeti,pro,427,140,,,
seći,saseći,sa,427,187,,,
goniti,razgoniti,raz,421,68,,,
ticati,preticati,pre,418,264,,,
šišati,podšišati,pod,418,52,,,
razlagati,obrazlagati,ob,418,26,,,
raditi,odraditi,od,416,7,,,
turiti,doturiti,do,412,34,,,
lanuti,izlanuti,iz,412,8,,,
leteti,doleteti,do,412,7,,,
dizati,zadizati,za,412,7,,,
beležiti,ubeležiti,u,411,3603,,,
nositi,uznositi,uz,411,1841,,,
ječati,zaječati,za,411,52,,,
strčati,ustrčati,u,411,10,,,
vjeriti,uvjeriti,u,408,112,,,
bludeti,zabludeti,za,408,107,,,
tući,pretući,pre,408,29,,,
crtati,precrtati,pre,408,22,,,
viriti,priviriti,pri,408,21,,,
mlatiti,premlatiti,pre,408,16,,,
staviti,pristaviti,pri,407,3700,,,
grditi,nagrditi,na,401,44,,,
spaliti,uspaliti,u,393,36,,,
kikotati,zakikotati,za,387,44,,,
tuliti,utuliti,u,379,9,,,
trajati,dotrajati,do,377,218,,,
rezati,obrezati,ob,377,166,,,
brojiti,nabrojiti,na,377,17,,,
čkiljiti,začkiljiti,za,375,72,,,
buktati,razbuktati,raz,375,62,,,
vetriti,provetriti,pro,375,47,,,
goreti,razgoreti,raz,375,26,,,
jahati,zajahati,za,375,16,,,
vezati,uvezati,u,375,9,,,
pucati,upucati,u,367,1859,,,
ticati,priticati,pri,367,219,,,
dati,pridati,pri,367,185,,,
topiti,pretopiti,pre,367,110,,,
uzeti,poduzeti,pod,367,14,,,
slediti,proslediti,pro,366,123,,,
krenuti,zakrenuti,za,366,117,,,
gađati,odgađati,od,363,15,,,
ostajati,izostajati,iz,363,10,,,
gledati,odgledati,od,360,174,,,
miriti,podmiriti,pod,360,101,,,
skočiti,doskočiti,do,360,26,,,
joguniti,uzjoguniti,uz,360,5,,,
pisati,dopisati,do,359,100,,,
spavati,naspavati,na,359,8,,,
mesiti,umesiti,u,359,6,,,
krštavati,ukrštavati,u,358,84,,,
rumeniti,zarumeniti,za,354,19,,,
gibati,ugibati,u,350,22,,,
pucati,pripucati,pri,350,12,,,
videti,prevideti,pre,350,8,,,
prodavati,preprodavati,pre,350,7,,,
nalaziti,iznalaziti,iz,347,3324,,,
gluv,nagluv,na,347,32,,,
sukati,zasukati,za,344,147,,,
denuti,udenuti,u,344,54,,,
rediti,nadrediti,nad,341,7,,,
letati,nadletati,nad,339,62,,,
kukati,zakukati,za,336,47,,,
kovati,zakovati,za,336,31,,,
vijati,dovijati,do,336,32,,,
žeći,užeći,u,336,9,,,
rediti,obrediti,ob,336,7,,,
grebati,zagrebati,za,332,445,,,
sedati,zasedati,za,330,429,,,
izići,proizići,pro,330,271,,,
recitovati,izrecitovati,iz,330,96,,,
uzdati,razuzdati,raz,329,53,,,
čuvati,pričuvati,pri,324,2481,,,
vezivati,odvezivati,od,324,4508,,,
naduti,podnaduti,pod,324,11,,,
saditi,nasaditi,na,322,710,,,
vikati,zavikati,za,322,11,,,
voditi,razvoditi,raz,320,30,,,
misliti,namisliti,na,320,15,,,
vezivati,razvezivati,raz,320,9,,,
pričati,napričati,na,319,13,,,
inatiti,zainatiti,za,318,44,,,
sisati,usisati,u,308,141,,,
pucati,zapucati,za,308,52,,,
stupiti,zastupiti,za,308,39,,,
brbljati,izbrbljati,iz,308,8,,,
šiljiti,zašiljiti,za,304,321,,,
služiti,odslužiti,od,303,179,,,
ispitati,preispitati,pre,301,242,,,
ubijati,izubijati,iz,301,20,,,
čistiti,prečistiti,pre,301,9,,,
izaći,proizaći,pro,301,5,,,
svetliti,prosvetliti,pro,300,5263,,,
grabiti,zagrabiti,za,300,48,,,
celiti,zaceliti,za,294,64,,,
zvati,zazvati,za,294,14,,,
hladneti,zahladneti,za,293,85,,,
ceniti,zaceniti,za,288,24,,,
slušati,naslušati,na,287,247,,,
plesati,zaplesati,za,287,144,,,
pakovati,upakovati,u,287,92,,,
zidati,sazidati,sa,287,23,,,
roniti,odroniti,od,287,22,,,
rušiti,razrušiti,raz,286,63,,,
obraćati,saobraćati,sa,286,15,,,
lepršati,zalepršati,za,283,15,,,
motati,odmotati,od,279,40,,,
imenovati,naimenovati,na,279,8,,,
rogušiti,narogušiti,na,278,17,,,
bivati,izbivati,iz,274,41,,,
bljuvati,izbljuvati,iz,272,145,,,
vejati,zavejati,za,272,63,,,
pojiti,pripojiti,pri,272,11,,,
bledeti,ubledeti,u,272,12,,,
ređati,naređati,na,265,20,,,
secati,odsecati,od,263,640,,,
zvoniti,odzvoniti,od,263,46,,,
mazati,razmazati,raz,263,40,,,
letati,zaletati,za,263,13,,,
mazati,zamazati,za,262,225,,,
treptati,zatreptati,za,262,209,,,
kuvati,zakuvati,za,262,179,,,
sedati,nasedati,na,262,165,,,
mešati,promešati,pro,262,123,,,
gurati,progurati,pro,262,102,,,
viditi,providiti,pro,262,53,,,
piti,propiti,pro,262,52,,,
vrpoljiti,uzvrpoljiti,uz,262,27,,,
naći,iznaći,iz,259,77,,,
voziti,dovoziti,do,259,8,,,
saditi,presaditi,pre,257,98,,,
hraniti,prehraniti,pre,257,63,,,
ispitivati,preispitivati,pre,257,24,,,
videti,privideti,pri,253,396,,,
šuštati,zašuštati,za,253,62,,,
postaviti,zapostaviti,za,253,13,,,
oštriti,naoštriti,na,251,88,,,
klesati,uklesati,u,251,676,,,
lepršati,odlepršati,od,251,24,,,
graditi,pregraditi,pre,251,20,,,
mileti,izmileti,iz,249,27,,,
umirati,izumirati,iz,248,113,,,
sloviti,prosloviti,pro,248,40,,,
tanjiti,utanjiti,u,247,69,,,
metati,zametati,za,247,44,,,
pucketati,zapucketati,za,247,71,,,
prljati,zaprljati,za,247,11,,,
mreškati,namreškati,na,247,12,,,
krkljati,zakrkljati,za,247,11,,,
klimati,zaklimati,za,247,10,,,
ostavljati,izostavljati,iz,244,29,,,
čuti,pričuti,pri,244,14,,,
stizati,prestizati,pre,244,10,,,
ležati,preležati,pre,244,5,,,
veličati,uveličati,u,243,74,,,
dirati,izdirati,iz,242,146,,,
tovariti,utovariti,u,242,47,,,
gnječiti,prignječiti,pri,242,10,,,
usmeriti,preusmeriti,pre,238,239,,,
okretati,zaokretati,za,238,19,,,
plivati,doplivati,do,238,5,,,
temeljiti,utemeljiti,u,237,143,,,
leteti,saleteti,sa,237,19,,,
tutnjati,protutnjati,pro,234,531,,,
tkati,utkati,u,232,269,,,
liti,doliti,do,232,65,,,
dirati,zadirati,za,232,40,,,
tucati,natucati,na,232,11,,,
nuti,sunuti,su,226,15,,,
kupovati,nakupovati,na,225,29,,,
trčati,zatrčati,za,225,14,,,
mahnuti,izmahnuti,iz,223,62,,,
svetiti,prosvetiti,pro,222,23,,,
sećati,dosećati,do,222,14,,,
testirati,protestirati,pro,222,7,,,
ovladavati,preovladavati,pre,220,30,,,
visiti,nadvisiti,nad,219,7,,,
mrsiti,promrsiti,pro,214,39,,,
šetati,ušetati,u,213,55,,,
uživati,nauživati,na,213,20,,,
taložiti,nataložiti,na,213,14,,,
kazati,prokazati,pro,212,10,,,
svirati,prosvirati,pro,212,6,,,
turati,proturati,pro,208,30,,,
uzimati,izuzimati,iz,207,43,,,
jebati,zajebati,za,206,1310,,,
lečiti,zalečiti,za,206,278,,,
mucati,zamucati,za,206,94,,,
buniti,zabuniti,za,206,8,,,
patiti,zapatiti,za,205,241,,,
upitati,priupitati,pri,205,23,,,
peniti,zapeniti,za,203,388,,,
taknuti,utaknuti,u,203,45,,,
tabati,utabati,u,202,26,,,
blagodariti,zablagodariti,za,202,23,,,
postavljati,zapostavljati,za,202,14,,,
peći,upeći,u,201,3058,,,
ploviti,doploviti,do,201,1304,,,
gledati,dogledati,do,201,1662,,,
secati,zasecati,za,201,656,,,
stideti,zastideti,za,201,135,,,
suditi,dosuditi,do,201,48,,,
jesti,izjesti,iz,201,80,,,
ustavljati,obustavljati,ob,201,23,,,
brojati,odbrojati,od,201,24,,,
živiti,uživiti,u,201,39,,,
želeti,uželeti,u,201,10,,,
uzimati,poduzimati,pod,200,91,,,
luditi,izluditi,iz,199,122,,,
goreti,pregoreti,pre,199,42,,,
blenuti,zablenuti,za,199,18,,,
gasnuti,ugasnuti,u,199,5,,,
skočiti,naskočiti,na,198,11,,,
šunjati,prišunjati,pri,198,5,,,
patiti,prepatiti,pre,196,448,,,
uveličati,preuveličati,pre,196,85,,,
huškati,nahuškati,na,196,17,,,
općiti,saopćiti,sa,195,22,,,
magarčiti,namagarčiti,na,194,20,,,
krstariti,prokrstariti,pro,193,148,,,
venuti,provenuti,pro,189,222,,,
iskriti,zaiskriti,za,189,185,,,
mahati,zamahati,za,189,138,,,
ćaskati,proćaskati,pro,189,22,,,
dvoriti,dodvoriti,do,185,10,,,
rušiti,urušiti,u,185,16,,,
mamiti,domamiti,do,185,5,,,
faliti,zafaliti,za,183,131,,,
pasati,napasati,na,181,3096,,,
lučiti,ulučiti,u,181,2263,,,
gađati,ugađati,u,181,77,,,
ići,uzići,uz,179,60,,,
brisati,ubrisati,u,179,40,,,
dojiti,zadojiti,za,179,8,,,
ridati,zaridati,za,178,92,,,
jaloviti,izjaloviti,iz,175,4436,,,
vibrirati,zavibrirati,za,174,1764,,,
ovladati,preovladati,pre,174,6,,,
nagliti,prenagliti,pre,174,6,,,
mrcvariti,izmrcvariti,iz,173,18,,,
rezati,podrezati,pod,173,6,,,
okrenuti,izokrenuti,iz,172,94,,,
kockati,prokockati,pro,172,143,,,
parirati,preparirati,pre,172,46,,,
trpiti,pretrpiti,pre,172,17,,,
drešiti,razdrešiti,raz,171,46,,,
žderati,prožderati,pro,171,30,,,
pevati,propevati,pro,171,25,,,
meškoljiti,promeškoljiti,pro,170,71,,,
curiti,procuriti,pro,170,47,,,
luditi,zaluditi,za,169,7,,,
borati,izborati,iz,167,133,,,
škiljiti,zaškiljiti,za,167,49,,,
lagati,prilagati,pri,165,72,,,
pomenuti,pripomenuti,pri,165,20,,,
praviti,pripraviti,pri,164,424,,,
vezati,obvezati,ob,164,157,,,
bolovati,odbolovati,od,164,46,,,
negovati,odnegovati,od,164,41,,,
grejati,podgrejati,pod,164,39,,,
kipeti,prekipeti,pre,163,13,,,
množiti,namnožiti,na,161,9,,,
patiti,napatiti,na,159,48,,,
kapirati,ukapirati,u,158,39,,,
ticati,naticati,na,157,78,,,
piškiti,upiškiti,u,157,63,,,
gasiti,zagasiti,za,157,99,,,
kaniti,nakaniti,na,157,12,,,
lickati,nalickati,na,154,7,,,
popiti,zapopiti,za,153,129,,,
turiti,naturiti,na,153,80,,,
svetliti,zasvetliti,za,153,31,,,
meriti,razmeriti,raz,153,12,,,
vikati,izvikati,iz,153,17,,,
lagati,razlagati,raz,152,303,,,
strujiti,prostrujiti,pro,152,48,,,
mekšati,umekšati,u,152,18,,,
rastati,zarastati,za,152,8,,,
brundati,zabrundati,za,151,8,,,
kretati,zakretati,za,151,7,,,
lizati,zalizati,za,150,32,,,
sejati,zasejati,za,149,130,,,
laknuti,odlaknuti,od,149,50,,,
metati,izmetati,iz,149,32,,,
vežbati,izvežbati,iz,149,6,,,
vesti,podvesti,pod,147,185,,,
kopati,prekopati,pre,147,48,,,
raditi,preraditi,pre,147,62,,,
računati,preračunati,pre,147,32,,,
slikati,preslikati,pre,147,26,,,
uveličavati,preuveličavati,pre,147,8,,,
spavati,prospavati,pro,146,77,,,
stenjati,prostenjati,pro,146,36,,,
mašiti,domašiti,do,146,15,,,
birati,ubirati,u,146,5,,,
mlatiti,umlatiti,u,143,23,,,
kriviti,zakriviti,za,143,13,,,
gruvati,ugruvati,u,142,7406,,,
hraniti,uhraniti,u,142,62,,,
seći,naseći,na,142,60,,,
kucati,ukucati,u,142,31,,,
tjerati,natjerati,na,142,16,,,
sloviti,usloviti,u,142,7,,,
odenuti,zaodenuti,za,141,11,,,
kloniti,sakloniti,sa,139,110,,,
voziti,uvoziti,u,139,140,,,
vrebati,uvrebati,u,139,69,,,
rešavati,razrešavati,raz,139,18,,,
laziti,uzlaziti,uz,139,7,,,
mrskati,razmrskati,raz,135,79,,,
mahati,razmahati,raz,135,332,,,
levati,razlevati,raz,135,19,,,
igrati,razigrati,raz,135,13,,,
davati,razdavati,raz,134,83,,,
ukrštati,izukrštati,iz,134,22,,,
seći,proseći,pro,133,117,,,
kopati,prokopati,pro,133,112,,,
boraviti,proboraviti,pro,133,47,,,
štedeti,prištedeti,pri,133,27,,,
grabiti,prigrabiti,pri,132,69,,,
živjeti,preživjeti,pre,131,27,,,
znojiti,preznojiti,pre,129,150,,,
staviti,prestaviti,pre,129,146,,,
slušati,preslušati,pre,129,249,,,
sipati,presipati,pre,129,42,,,
rediti,razrediti,raz,129,38,,,
učestvovati,saučestvovati,sa,129,39,,,
vrstati,razvrstati,raz,129,6,,,
udariti,podudariti,pod,127,87,,,
mazati,podmazati,pod,127,84,,,
lomiti,odlomiti,od,127,51,,,
voziti,odvoziti,od,127,11,,,
nakaziti,iznakaziti,iz,126,91,,,
slušati,odslušati,od,125,36,,,
lepiti,izlepiti,iz,125,11,,,
tješiti,utješiti,u,124,3574,,,
treskati,zatreskati,za,124,336,,,
huktati,zahuktati,za,124,38,,,
letati,doletati,do,124,29,,,
imati,doimati,do,123,33,,,
živeti,uživeti,u,123,24,,,
padati,prepadati,pre,123,10,,,
meriti,premeriti,pre,123,6,,,
vikati,nadvikati,nad,122,15,,,
sladiti,nasladiti,na,121,123,,,
cakliti,zacakliti,za,121,29,,,
valjati,uvaljati,u,121,8,,,
škrabati,naškrabati,na,121,8,,,
moliti,umoliti,u,120,40078,,,
ciljati,naciljati,na,120,16832,,,
gurati,nagurati,na,120,4074,,,
ceniti,uceniti,u,120,4695,,,
ceriti,naceriti,na,120,5714,,,
ružiti,naružiti,na,120,3412,,,
kidati,zakidati,za,120,2334,,,
pomoći,pripomoći,pri,120,841,,,
trnuti,protrnuti,pro,120,361,,,
viđati,previđati,pre,120,41,,,
računiti,proračuniti,pro,120,15,,,
metati,prometati,pro,120,45,,,
mrljati,zamrljati,za,118,48,,,
žeti,užeti,u,115,209,,,
grnuti,zagrnuti,za,115,111,,,
crniti,zacrniti,za,115,56,,,
sedati,usedati,u,115,39,,,
teći,nateći,na,115,19,,,
platiti,uplatiti,u,115,16,,,
sesti,usesti,u,115,15,,,
puderisati,napuderisati,na,115,10,,,
delovati,sudelovati,su,115,6,,,
motati,namotati,na,115,8,,,
prsnuti,naprsnuti,na,114,71,,,
cvrkutati,zacvrkutati,za,113,128,,,
pešačiti,prepešačiti,pre,113,7,,,
naglasiti,prenaglasiti,pre,113,5,,,
maštati,izmaštati,iz,111,25,,,
gurati,odgurati,od,111,32,,,
vetriti,izvetriti,iz,110,505,,,
rastati,izrastati,iz,110,29,,,
ranjaviti,izranjaviti,iz,110,14,,,
čuti,dočuti,do,110,13,,,
derati,izderati,iz,109,26,,,
zvečati,zazvečati,za,108,22,,,
vrištati,zavrištati,za,108,10,,,
svetlucati,zasvetlucati,za,108,15,,,
stiditi,zastiditi,za,108,7,,,
rezati,zarezati,za,106,58,,,
oštriti,zaoštriti,za,106,8,,,
mrziti,zamrziti,za,106,6,,,
liti,podliti,pod,105,552,,,
ceniti,preceniti,pre,104,73,,,
tkati,pretkati,pre,104,19,,,
zdraviti,prezdraviti,pre,103,390,,,
kratiti,prikratiti,pri,103,58,,,
gegati,odgegati,od,103,51,,,
lizati,oblizati,ob,103,157,,,
glačati,izglačati,iz,102,124,,,
oružati,oboružati,ob,102,70,,,
škripiti,zaškripiti,za,102,14,,,
ljubiti,obljubiti,ob,100,7,,,
lepiti,oblepiti,ob,99,15,,,
pržiti,zapržiti,za,98,214,,,
prečiti,zaprečiti,za,98,47,,,
močiti,zamočiti,za,98,24,,,
komplikovati,zakomplikovati,za,98,41,,,
ribati,izribati,iz,98,13,,,
šetati,odšetati,od,97,2941,,,
lokati,izlokati,iz,97,84,,,
recitovati,odrecitovati,od,97,29,,,
goniti,odgoniti,od,97,13,,,
osećati,saosećati,sa,97,7,,,
odenuti,razodenuti,raz,97,6,,,
hvatati,dohvatati,do,97,6,,,
krijumčariti,prokrijumčariti,pro,96,54,,,
ključati,proključati,pro,96,53,,,
stojati,pristojati,pri,96,18,,,
mahnuti,razmahnuti,raz,96,6,,,
dati,razdati,raz,95,47,,,
vjeriti,provjeriti,pro,95,21,,,
tkati,protkati,pro,94,19,,,
sediti,prosediti,pro,93,66,,,
rotiti,urotiti,u,93,39,,,
turati,naturati,na,93,41,,,
kvasiti,ukvasiti,u,93,11,,,
glancati,uglancati,u,93,6,,,
mračiti,namračiti,na,92,79,,,
legati,nalegati,na,92,52,,,
kazati,nakazati,na,92,21,,,
kalemiti,nakalemiti,na,92,34,,,
hvaliti,nahvaliti,na,92,7,,,
goreti,zagoreti,za,91,19,,,
brojiti,ubrojiti,u,91,10,,,
imati,zaimati,za,91,26,,,
hrkati,zahrkati,za,90,90,,,
hladiti,zahladiti,za,90,5,,,
prostiti,uprostiti,u,89,81,,,
tiskati,utiskati,u,88,602,,,
vrdati,izvrdati,iz,88,329,,,
rešetati,izrešetati,iz,88,128,,,
tužiti,dotužiti,do,88,90,,,
stajati,dostajati,do,88,73,,,
brusiti,izbrusiti,iz,88,36,,,
batinati,izbatinati,iz,88,29,,,
tamniti,zatamniti,za,88,22,,,
skičati,zaskičati,za,87,20,,,
rediti,zarediti,za,87,9,,,
peći,zapeći,za,87,12,,,
ogrtati,zaogrtati,za,87,5,,,
odevati,zaodevati,za,85,13,,,
žeći,sažeći,sa,85,5,,,
strugati,sastrugati,sa,84,13,,,
uveravati,razuveravati,raz,84,8,,,
očaravati,razočaravati,raz,83,28,,,
sedati,prosedati,pro,83,5,,,
plakati,proplakati,pro,82,130,,,
birati,probirati,pro,81,5307,,,
tkati,pritkati,pri,81,516,,,
stavljati,ustavljati,u,81,24,,,
veriti,uzveriti,uz,81,63,,,
beleti,zabeleti,za,81,7,,,
duvati,zaduvati,za,81,5,,,
seći,podseći,pod,80,89,,,
domišljati,predomišljati,pre,80,12,,,
čuti,prečuti,pre,80,7,,,
meriti,primeriti,pri,79,60,,,
cvokotati,zacvokotati,za,79,28,,,
glasati,nadglasati,nad,79,16,,,
vrbovati,zavrbovati,za,78,79,,,
močiti,namočiti,na,78,12,,,
ganuti,uganuti,u,78,9,,,
sititi,nasititi,na,78,6,,,
mastiti,umastiti,u,78,9,,,
prazniti,uprazniti,u,77,51,,,
kolutati,zakolutati,za,76,36,,,
kotrljati,zakotrljati,za,76,13,,,
kreštati,zakreštati,za,75,28,,,
mjeriti,zamjeriti,za,75,27,,,
tovariti,pretovariti,pre,75,67,,,
stavljati,prestavljati,pre,74,11,,,
krojiti,prekrojiti,pre,73,13,,,
goniti,pregoniti,pre,73,50,,,
mekšati,razmekšati,raz,72,14,,,
grabiti,razgrabiti,raz,72,14,,,
krvariti,prokrvariti,pro,71,435,,,
kisnuti,prokisnuti,pro,71,19,,,
venčati,privenčati,pri,71,5,,,
stavljati,pristavljati,pri,70,39,,,
mamiti,primamiti,pri,70,19,,,
daviti,pridaviti,pri,70,191,,,
žvrljati,nažvrljati,na,69,80,,,
turiti,uturiti,u,69,26,,,
napredovati,uznapredovati,uz,69,17,,,
vitlati,uzvitlati,uz,68,136,,,
dimiti,zadimiti,za,68,56,,,
sladiti,zasladiti,za,67,78,,,
lagati,oblagati,ob,67,74,,,
škrgutati,zaškrgutati,za,67,126,,,
reći,ureći,u,67,18,,,
resiti,uresiti,u,67,17,,,
okruživati,zaokruživati,za,67,12,,,
koričiti,ukoričiti,u,67,1228,,,
oblačiti,naoblačiti,na,67,9,,,
moliti,namoliti,na,67,16,,,
micati,namicati,na,66,10,,,
beliti,nabeliti,na,65,108,,,
deliti,izdeliti,iz,65,21,,,
vijati,obvijati,ob,65,5,,,
skakutati,doskakutati,do,64,20,,,
letati,odletati,od,64,20,,,
sanjati,odsanjati,od,64,10,,,
mlatiti,izmlatiti,iz,64,7,,,
voziti,izvoziti,iz,63,55,,,
govoriti,podgovoriti,pod,63,28,,,
mrdati,razmrdati,raz,63,10,,,
žvakati,sažvakati,sa,63,13,,,
vređati,izvređati,iz,62,722,,,
napiti,podnapiti,pod,62,90,,,
gutati,nagutati,na,62,46,,,
mrviti,izmrviti,iz,62,6,,,
uhvatiti,poduhvatiti,pod,61,36,,,
pustiti,pripustiti,pri,60,86,,,
čeprkati,pročeprkati,pro,60,79,,,
graditi,razgraditi,raz,60,57,,,
lupati,razlupati,raz,60,53,,,
ložiti,razložiti,raz,60,60,,,
baviti,probaviti,pro,60,56,,,
cijeniti,procijeniti,pro,60,42,,,
goreti,progoreti,pro,60,32,,,
studirati,prostudirati,pro,60,28,,,
prodati,preprodati,pre,60,30,,,
grnuti,prigrnuti,pri,60,21,,,
pitati,pripitati,pri,60,14,,,
vidati,zavidati,za,60,13,,,
svetleti,zasvetleti,za,60,13,,,
pištati,zapištati,za,60,12,,,
piljiti,zapiljiti,za,60,11,,,
pakovati,zapakovati,za,60,15,,,
njištati,zanjištati,za,60,8,,,
kovitlati,zakovitlati,za,59,94,,,
jaukati,zajaukati,za,59,19,,,
crtati,zacrtati,za,58,56,,,
bleštiti,zableštiti,za,58,11,,,
letiti,doletiti,do,58,10,,,
goniti,dogoniti,do,58,5,,,
šivati,ušivati,u,57,26,,,
peći,prepeći,pre,56,112,,,
mašiti,premašiti,pre,56,41,,,
kucati,prekucati,pre,56,26,,,
komandovati,prekomandovati,pre,56,20,,,
secati,podsecati,pod,56,5,,,
šmrknuti,ušmrknuti,u,55,28,,,
vidati,izvidati,iz,55,24,,,
rovati,izrovati,iz,55,5,,,
opštiti,izopštiti,iz,54,75,,,
učiti,odučiti,od,54,8,,,
umirati,odumirati,od,53,780,,,
masirati,izmasirati,iz,53,29,,,
turati,doturati,do,53,6,,,
glancati,izglancati,iz,52,2413,,,
rubiti,obrubiti,ob,52,645,,,
živeti,zaživeti,za,52,54,,,
žmirkati,zažmirkati,za,52,28,,,
rastati,dorastati,do,52,14,,,
vredeti,zavredeti,za,51,64,,,
šeprtljati,ušeprtljati,u,51,38,,,
vlažiti,navlažiti,na,51,13,,,
vrteti,uzvrteti,uz,51,5,,,
đubriti,nađubriti,na,51,5,,,
siriti,usiriti,u,50,185,,,
trljati,natrljati,na,50,54,,,
raniti,uraniti,u,50,29,,,
vikati,navikati,na,50,20,,,
militi,umiliti,u,50,13,,,
krcati,nakrcati,na,50,17,,,
kreveljiti,nakreveljiti,na,50,8,,,
marširati,umarširati,u,50,15,,,
igrati,nadigrati,nad,50,8,,,
buljiti,izbuljiti,iz,50,7,,,
žeći,zažeći,za,50,5,,,
beliti,izbeliti,iz,49,15,,,
prijeti,doprijeti,do,48,59,,,
kvariti,ukvariti,u,48,47,,,
sapunjati,nasapunjati,na,48,24,,,
prskati,uprskati,u,48,17,,,
računati,uračunati,u,48,15,,,
secati,usecati,u,48,7,,,
zidati,nazidati,na,47,59,,,
sitniti,usitniti,u,47,74,,,
smrdeti,usmrdeti,u,47,11,,,
čitati,načitati,na,47,10,,,
žuljati,nažuljati,na,46,1638,,,
trpati,utrpati,u,46,13,,,
veseliti,uveseliti,u,46,20,,,
mutiti,uzmutiti,uz,45,27,,,
vinuti,uzvinuti,uz,44,286,,,
cvrčati,zacvrčati,za,44,8,,,
drmati,zadrmati,za,44,8,,,
govoriti,zagovoriti,za,43,61,,,
graditi,zagraditi,za,43,182,,,
metati,dometati,do,42,83,,,
jemčiti,zajemčiti,za,42,13,,,
misliti,domisliti,do,42,16,,,
kukurikati,zakukurikati,za,42,11,,,
lelujati,zalelujati,za,42,8,,,
penušati,zapenušati,za,41,269,,,
pevušiti,zapevušiti,za,41,39,,,
ređati,zaređati,za,41,10,,,
senčiti,zasenčiti,za,40,53,,,
igrati,obigrati,ob,40,44,,,
kljukati,nakljukati,na,40,26,,,
debljati,udebljati,u,40,26,,,
jahati,ujahati,u,40,27,,,
rumeniti,narumeniti,na,40,20,,,
birati,razbirati,raz,40,12,,,
šištati,prošištati,pro,40,8,,,
češljati,pročešljati,pro,40,10,,,
tutnjiti,protutnjiti,pro,40,6,,,
secati,prosecati,pro,39,31,,,
njuškati,pronjuškati,pro,39,15,,,
nicati,pronicati,pro,39,11,,,
mašati,promašati,pro,39,8,,,
disati,prodisati,pro,39,6,,,
diskutovati,prodiskutovati,pro,38,906,,,
cvrkutati,procvrkutati,pro,38,21,,,
šivati,prišivati,pri,38,16,,,
peći,pripeći,pri,38,12,,,
gledati,prigledati,pri,37,35,,,
doći,pridoći,pri,37,1061,,,
dodavati,pridodavati,pri,37,27,,,
stupiti,prestupiti,pre,37,11,,,
sedati,presedati,pre,37,7,,,
platiti,preplatiti,pre,36,116,,,
otimati,preotimati,pre,36,87,,,
čitati,dočitati,do,36,37,,,
riti,podriti,pod,36,17,,,
buniti,podbuniti,pod,36,13,,,
javiti,odjaviti,od,36,9,,,
viđati,izviđati,iz,35,79,,,
uvijati,izuvijati,iz,35,16,,,
riti,izriti,iz,35,7,,,
puniti,sapuniti,sa,35,6,,,
gnjiti,sagnjiti,sa,34,256,,,
videti,razvideti,raz,34,53,,,
rovati,razrovati,raz,34,131,,,
graničiti,razgraničiti,raz,33,256,,,
uživati,oduživati,od,33,75,,,
slikati,odslikati,od,33,12,,,
skakutati,odskakutati,od,33,8,,,
šunjati,došunjati,do,33,6,,,
masakrirati,izmasakrirati,iz,32,56,,,
momčiti,zamomčiti,za,32,12,,,
lomiti,zalomiti,za,31,923,,,
maskirati,zamaskirati,za,31,75,,,
brujati,zabrujati,za,31,9,,,
brazditi,zabrazditi,za,31,6,,,
kotrljati,dokotrljati,do,30,58,,,
ličiti,zaličiti,za,30,5,,,
kričati,zakričati,za,29,7,,,
jamčiti,zajamčiti,za,29,7,,,
groktati,zagroktati,za,29,9,,,
graktati,zagraktati,za,28,728,,,
opštiti,uopštiti,u,28,94,,,
slijediti,naslijediti,na,28,29,,,
kovrdžati,ukovrdžati,u,28,16,,,
rezati,narezati,na,28,11,,,
kiseliti,ukiseliti,u,28,10,,,
razgovarati,narazgovarati,na,27,231,,,
pjev,napjev,na,27,39,,,
buđati,ubuđati,u,27,18,,,
kačiti,nakačiti,na,27,16,,,
goreti,nagoreti,na,27,15,,,
gnječiti,nagnječiti,na,27,9,,,
štaviti,uštaviti,u,27,7,,,
tovar,utovar,u,26,1276,,,
tapkati,utapkati,u,26,40,,,
saglasiti,usaglasiti,u,26,19,,,
predati,upredati,u,26,12,,,
pajati,zapajati,za,26,13,,,
posedati,zaposedati,za,26,6,,,
prašiti,zaprašiti,za,26,5,,,
redati,zaredati,za,26,5,,,
svrbeti,zasvrbeti,za,26,17,,,
uzdavati,zauzdavati,za,25,65,,,
veslati,zaveslati,za,25,29,,,
puzati,dopuzati,do,24,946,,,
vijoriti,zavijoriti,za,24,32,,,
zveckati,zazveckati,za,24,24,,,
bičevati,izbičevati,iz,24,26,,,
reći,doreći,do,24,43,,,
raniti,obraniti,ob,24,18,,,
drkati,izdrkati,iz,24,14,,,
glasati,izglasati,iz,24,6,,,
gnjaviti,izgnjaviti,iz,24,11,,,
goniti,izgoniti,iz,24,9,,,
grnuti,odgrnuti,od,23,129,,,
teći,doteći,do,23,121,,,
reagovati,odreagovati,od,23,39,,,
živjeti,doživjeti,do,23,28,,,
opijati,izopijati,iz,23,18,,,
redati,izredati,iz,23,14,,,
vedriti,izvedriti,iz,23,13,,,
baciti,podbaciti,pod,22,8,,,
jariti,podjariti,pod,21,23,,,
gurati,pregurati,pre,21,15,,,
kaliti,prekaliti,pre,20,43,,,
oblikovati,preoblikovati,pre,20,32,,,
okretati,preokretati,pre,20,12,,,
savijati,presavijati,pre,20,7,,,
testerisati,pretesterisati,pre,20,6,,,
uraniti,preuraniti,pre,19,194,,,
uređivati,preuređivati,pre,19,53,,,
dobijati,pridobijati,pri,19,13,,,
dolaziti,pridolaziti,pri,19,8,,,
igrati,proigrati,pro,19,8,,,
kazivati,prokazivati,pro,19,8,,,
pištati,propištati,pro,19,7,,,
rešetati,prorešetati,pro,19,7,,,
vodati,provodati,pro,18,2522,,,
šišati,prošišati,pro,18,271,,,
živjeti,proživjeti,pro,18,220,,,
juriti,razjuriti,raz,18,117,,,
listati,razlistati,raz,18,31,,,
odevati,razodevati,raz,18,13,,,
umiti,razumiti,raz,18,5,,,
lomiti,salomiti,sa,17,24,,,
prezati,uprezati,u,17,19,,,
skladištiti,uskladištiti,u,17,16,,,
soliti,usoliti,u,17,15,,,
tucati,utucati,u,17,6,,,
gegati,dogegati,do,16,61,,,
batrgati,zabatrgati,za,16,25,,,
belasati,zabelasati,za,16,15,,,
videti,provideti,pro,16,13,,,
dužiti,razdužiti,raz,15,230,,,
duvati,razduvati,raz,15,80,,,
rezati,razrezati,raz,15,17,,,
mariti,samariti,sa,15,13,,,
vonjati,zavonjati,za,15,11,,,
zvrjati,zazvrjati,za,15,8,,,
zoriti,zazoriti,za,15,6,,,
šivati,zašivati,za,14,615,,,
krpati,zakrpati,za,14,153,,,
krvariti,zakrvariti,za,14,95,,,
klatiti,zaklatiti,za,14,172,,,
beliti,zabeliti,za,14,56,,,
šuškati,zašuškati,za,14,23,,,
drobiti,izdrobiti,iz,14,48,,,
mamiti,odmamiti,od,14,16,,,
miti,izmiti,iz,14,14,,,
ložiti,podložiti,pod,14,12,,,
rovati,podrovati,pod,14,7,,,
defilovati,prodefilovati,pro,14,6,,,
drmusati,prodrmusati,pro,13,273,,,
zidati,dozidati,do,13,54,,,
nicati,iznicati,iz,13,36,,,
varati,izvarati,iz,13,24,,,
lokati,podlokati,pod,13,10,,,
fućkati,profućkati,pro,12,124,,,
tutnjiti,zatutnjiti,za,12,89,,,
toptati,zatoptati,za,12,38,,,
svoditi,zasvoditi,za,12,18,,,
mastiti,zamastiti,za,12,8,,,
mrzeti,zamrzeti,za,12,8,,,
pljuštati,zapljuštati,za,12,6,,,
puštati,zapuštati,za,12,6,,,
tegliti,protegliti,pro,11,50,,,
rezati,prorezati,pro,11,37,,,
listati,prolistati,pro,11,29,,,
knjižiti,proknjižiti,pro,11,30,,,
vajati,podvajati,pod,11,10,,,
vezati,podvezati,pod,11,9,,,
voditi,podvoditi,pod,11,7,,,
brisati,prebrisati,pre,11,5,,,
farbati,prefarbati,pre,11,8,,,
grejati,pregrejati,pre,10,56,,,
imenovati,preimenovati,pre,10,35,,,
kapati,prekapati,pre,10,14,,,
oblačiti,preoblačiti,pre,10,8,,,
riti,preriti,pre,10,8,,,
spojiti,prespojiti,pre,9,122,,,
udesiti,preudesiti,pre,9,21,,,
učiti,preučiti,pre,9,14,,,
vaspitati,prevaspitati,pre,9,9,,,
kucati,prikucati,pri,9,6,,,
skakati,priskakati,pri,9,6,,,
običavati,uobičavati,u,8,1112,,,
obručiti,uobručiti,u,8,107,,,
pišati,upišati,u,8,76,,,
pljuvati,upljuvati,u,8,61,,,
bediti,nabediti,na,8,22,,,
bubriti,nabubriti,na,8,17,,,
lepiti,nalepiti,na,8,15,,,
ljubiti,naljubiti,na,8,58,,,
mlatiti,namlatiti,na,8,11,,,
plaviti,naplaviti,na,8,6,,,
fitiljiti,ufitiljiti,u,8,7,,,
gnjaviti,ugnjaviti,u,7,36,,,
putovati,naputovati,na,7,5,,,
kalupiti,ukalupiti,u,7,5,,,
kovati,ukovati,u,6,617,,,
kresati,ukresati,u,6,24,,,
ljuljati,uljuljati,u,6,16,,,
metati,umetati,u,5,21,,,
miješati,umiješati,u,5,12,,,
smijati,nasmijati,na,5,6,,,
